value,coordinates,summary,flagInfo.hasFlags,parameter.id,parameter.name,parameter.units,parameter.displayName,period.label,period.interval,period.datetimeFrom.utc,period.datetimeFrom.local,period.datetimeTo.utc,period.datetimeTo.local,coverage.expectedCount,coverage.expectedInterval,coverage.observedCount,coverage.observedInterval,coverage.percentComplete,coverage.percentCoverage,coverage.datetimeFrom.utc,coverage.datetimeFrom.local,coverage.datetimeTo.utc,coverage.datetimeTo.local,station_id,station_name,latitude,longitude
73.54820007324219,,,False,2,pm25,µg/m³,,raw,01:00:00,2025-12-05T04:00:00Z,2025-12-05T09:45:00+05:45,2025-12-05T05:00:00Z,2025-12-05T10:45:00+05:45,1,01:00:00,1,01:00:00,100.0,100.0,2025-12-05T04:00:00Z,2025-12-05T09:45:00+05:45,2025-12-05T05:00:00Z,2025-12-05T10:45:00+05:45,6138068,Purano naikap (SC-29)-GD Labs,27.705718,85.255141
67.51916681925455,,,False,2,pm25,µg/m³,,raw,01:00:00,2025-12-05T05:00:00Z,2025-12-05T10:45:00+05:45,2025-12-05T06:00:00Z,2025-12-05T11:45:00+05:45,1,01:00:00,1,01:00:00,100.0,100.0,2025-12-05T05:00:00Z,2025-12-05T10:45:00+05:45,2025-12-05T06:00:00Z,2025-12-05T11:45:00+05:45,6138068,Purano naikap (SC-29)-GD Labs,27.705718,85.255141
45.67261140611436,,,False,2,pm25,µg/m³,,raw,01:00:00,2025-12-05T06:00:00Z,2025-12-05T11:45:00+05:45,2025-12-05T07:00:00Z,2025-12-05T12:45:00+05:45,1,01:00:00,1,01:00:00,100.0,100.0,2025-12-05T06:00:00Z,2025-12-05T11:45:00+05:45,2025-12-05T07:00:00Z,2025-12-05T12:45:00+05:45,6138068,Purano naikap (SC-29)-GD Labs,27.705718,85.255141
48.59416681925455,,,False,2,pm25,µg/m³,,raw,01:00:00,2025-12-05T07:00:00Z,2025-12-05T12:45:00+05:45,2025-12-05T08:00:00Z,2025-12-05T13:45:00+05:45,1,01:00:00,1,01:00:00,100.0,100.0,2025-12-05T07:00:00Z,2025-12-05T12:45:00+05:45,2025-12-05T08:00:00Z,2025-12-05T13:45:00+05:45,6138068,Purano naikap (SC-29)-GD Labs,27.705718,85.255141
41.880333487192786,,,False,2,pm25,µg/m³,,raw,01:00:00,2025-12-05T08:00:00Z,2025-12-05T13:45:00+05:45,2025-12-05T09:00:00Z,2025-12-05T14:45:00+05:45,1,01:00:00,1,01:00:00,100.0,100.0,2025-12-05T08:00:00Z,2025-12-05T13:45:00+05:45,2025-12-05T09:00:00Z,2025-12-05T14:45:00+05:45,6138068,Purano naikap (SC-29)-GD Labs,27.705718,85.255141
34.53916648228963,,,False,2,pm25,µg/m³,,raw,01:00:00,2025-12-05T09:00:00Z,2025-12-05T14:45:00+05:45,2025-12-05T10:00:00Z,2025-12-05T15:45:00+05:45,1,01:00:00,1,01:00:00,100.0,100.0,2025-12-05T09:00:00Z,2025-12-05T14:45:00+05:45,2025-12-05T10:00:00Z,2025-12-05T15:45:00+05:45,6138068,Purano naikap (SC-29)-GD Labs,27.705718,85.255141
38.4086664835612,,,False,2,pm25,µg/m³,,raw,01:00:00,2025-12-05T10:00:00Z,2025-12-05T15:45:00+05:45,2025-12-05T11:00:00Z,2025-12-05T16:45:00+05:45,1,01:00:00,1,01:00:00,100.0,100.0,2025-12-05T10:00:00Z,2025-12-05T15:45:00+05:45,2025-12-05T11:00:00Z,2025-12-05T16:45:00+05:45,6138068,Purano naikap (SC-29)-GD Labs,27.705718,85.255141
44.00033315022787,,,False,2,pm25,µg/m³,,raw,01:00:00,2025-12-05T11:00:00Z,2025-12-05T16:45:00+05:45,2025-12-05T12:00:00Z,2025-12-05T17:45:00+05:45,1,01:00:00,1,01:00:00,100.0,100.0,2025-12-05T11:00:00Z,2025-12-05T16:45:00+05:45,2025-12-05T12:00:00Z,2025-12-05T17:45:00+05:45,6138068,Purano naikap (SC-29)-GD Labs,27.705718,85.255141
46.95299987792969,,,False,2,pm25,µg/m³,,raw,01:00:00,2025-12-05T12:00:00Z,2025-12-05T17:45:00+05:45,2025-12-05T13:00:00Z,2025-12-05T18:45:00+05:45,1,01:00:00,1,01:00:00,100.0,100.0,2025-12-05T12:00:00Z,2025-12-05T17:45:00+05:45,2025-12-05T13:00:00Z,2025-12-05T18:45:00+05:45,6138068,Purano naikap (SC-29)-GD Labs,27.705718,85.255141
47.78162517547608,,,False,2,pm25,µg/m³,,raw,01:00:00,2025-12-05T13:00:00Z,2025-12-05T18:45:00+05:45,2025-12-05T14:00:00Z,2025-12-05T19:45:00+05:45,1,01:00:00,1,01:00:00,100.0,100.0,2025-12-05T13:00:00Z,2025-12-05T18:45:00+05:45,2025-12-05T14:00:00Z,2025-12-05T19:45:00+05:45,6138068,Purano naikap (SC-29)-GD Labs,27.705718,85.255141
44.12716700236003,,,False,2,pm25,µg/m³,,raw,01:00:00,2025-12-05T14:00:00Z,2025-12-05T19:45:00+05:45,2025-12-05T15:00:00Z,2025-12-05T20:45:00+05:45,1,01:00:00,1,01:00:00,100.0,100.0,2025-12-05T14:00:00Z,2025-12-05T19:45:00+05:45,2025-12-05T15:00:00Z,2025-12-05T20:45:00+05:45,6138068,Purano naikap (SC-29)-GD Labs,27.705718,85.255141
44.172916539510105,,,False,2,pm25,µg/m³,,raw,01:00:00,2025-12-05T15:00:00Z,2025-12-05T20:45:00+05:45,2025-12-05T16:00:00Z,2025-12-05T21:45:00+05:45,1,01:00:00,1,01:00:00,100.0,100.0,2025-12-05T15:00:00Z,2025-12-05T20:45:00+05:45,2025-12-05T16:00:00Z,2025-12-05T21:45:00+05:45,6138068,Purano naikap (SC-29)-GD Labs,27.705718,85.255141
46.35600001017252,,,False,2,pm25,µg/m³,,raw,01:00:00,2025-12-05T16:00:00Z,2025-12-05T21:45:00+05:45,2025-12-05T17:00:00Z,2025-12-05T22:45:00+05:45,1,01:00:00,1,01:00:00,100.0,100.0,2025-12-05T16:00:00Z,2025-12-05T21:45:00+05:45,2025-12-05T17:00:00Z,2025-12-05T22:45:00+05:45,6138068,Purano naikap (SC-29)-GD Labs,27.705718,85.255141
74.97098602718778,,,False,2,pm25,µg/m³,,raw,01:00:00,2025-12-05T17:00:00Z,2025-12-05T22:45:00+05:45,2025-12-05T18:00:00Z,2025-12-05T23:45:00+05:45,1,01:00:00,1,01:00:00,100.0,100.0,2025-12-05T17:00:00Z,2025-12-05T22:45:00+05:45,2025-12-05T18:00:00Z,2025-12-05T23:45:00+05:45,6138068,Purano naikap (SC-29)-GD Labs,27.705718,85.255141
73.62675031026205,,,False,2,pm25,µg/m³,,raw,01:00:00,2025-12-05T18:00:00Z,2025-12-05T23:45:00+05:45,2025-12-05T19:00:00Z,2025-12-06T00:45:00+05:45,1,01:00:00,1,01:00:00,100.0,100.0,2025-12-05T18:00:00Z,2025-12-05T23:45:00+05:45,2025-12-05T19:00:00Z,2025-12-06T00:45:00+05:45,6138068,Purano naikap (SC-29)-GD Labs,27.705718,85.255141
65.84749984741211,,,False,2,pm25,µg/m³,,raw,01:00:00,2025-12-05T19:00:00Z,2025-12-06T00:45:00+05:45,2025-12-05T20:00:00Z,2025-12-06T01:45:00+05:45,1,01:00:00,1,01:00:00,100.0,100.0,2025-12-05T19:00:00Z,2025-12-06T00:45:00+05:45,2025-12-05T20:00:00Z,2025-12-06T01:45:00+05:45,6138068,Purano naikap (SC-29)-GD Labs,27.705718,85.255141
70.88949966430664,,,False,2,pm25,µg/m³,,raw,01:00:00,2025-12-05T20:00:00Z,2025-12-06T01:45:00+05:45,2025-12-05T21:00:00Z,2025-12-06T02:45:00+05:45,1,01:00:00,1,01:00:00,100.0,100.0,2025-12-05T20:00:00Z,2025-12-06T01:45:00+05:45,2025-12-05T21:00:00Z,2025-12-06T02:45:00+05:45,6138068,Purano naikap (SC-29)-GD Labs,27.705718,85.255141
65.69449996948244,,,False,2,pm25,µg/m³,,raw,01:00:00,2025-12-05T21:00:00Z,2025-12-06T02:45:00+05:45,2025-12-05T22:00:00Z,2025-12-06T03:45:00+05:45,1,01:00:00,1,01:00:00,100.0,100.0,2025-12-05T21:00:00Z,2025-12-06T02:45:00+05:45,2025-12-05T22:00:00Z,2025-12-06T03:45:00+05:45,6138068,Purano naikap (SC-29)-GD Labs,27.705718,85.255141
65.69466654459634,,,False,2,pm25,µg/m³,,raw,01:00:00,2025-12-05T22:00:00Z,2025-12-06T03:45:00+05:45,2025-12-05T23:00:00Z,2025-12-06T04:45:00+05:45,1,01:00:00,1,01:00:00,100.0,100.0,2025-12-05T22:00:00Z,2025-12-06T03:45:00+05:45,2025-12-05T23:00:00Z,2025-12-06T04:45:00+05:45,6138068,Purano naikap (SC-29)-GD Labs,27.705718,85.255141
62.93300018310546,,,False,2,pm25,µg/m³,,raw,01:00:00,2025-12-05T23:00:00Z,2025-12-06T04:45:00+05:45,2025-12-06T00:00:00Z,2025-12-06T05:45:00+05:45,1,01:00:00,1,01:00:00,100.0,100.0,2025-12-05T23:00:00Z,2025-12-06T04:45:00+05:45,2025-12-06T00:00:00Z,2025-12-06T05:45:00+05:45,6138068,Purano naikap (SC-29)-GD Labs,27.705718,85.255141
52.40066630045573,,,False,2,pm25,µg/m³,,raw,01:00:00,2025-12-06T00:00:00Z,2025-12-06T05:45:00+05:45,2025-12-06T01:00:00Z,2025-12-06T06:45:00+05:45,1,01:00:00,1,01:00:00,100.0,100.0,2025-12-06T00:00:00Z,2025-12-06T05:45:00+05:45,2025-12-06T01:00:00Z,2025-12-06T06:45:00+05:45,6138068,Purano naikap (SC-29)-GD Labs,27.705718,85.255141
49.63050003051759,,,False,2,pm25,µg/m³,,raw,01:00:00,2025-12-06T01:00:00Z,2025-12-06T06:45:00+05:45,2025-12-06T02:00:00Z,2025-12-06T07:45:00+05:45,1,01:00:00,1,01:00:00,100.0,100.0,2025-12-06T01:00:00Z,2025-12-06T06:45:00+05:45,2025-12-06T02:00:00Z,2025-12-06T07:45:00+05:45,6138068,Purano naikap (SC-29)-GD Labs,27.705718,85.255141
62.06683324178061,,,False,2,pm25,µg/m³,,raw,01:00:00,2025-12-06T02:00:00Z,2025-12-06T07:45:00+05:45,2025-12-06T03:00:00Z,2025-12-06T08:45:00+05:45,1,01:00:00,1,01:00:00,100.0,100.0,2025-12-06T02:00:00Z,2025-12-06T07:45:00+05:45,2025-12-06T03:00:00Z,2025-12-06T08:45:00+05:45,6138068,Purano naikap (SC-29)-GD Labs,27.705718,85.255141
65.30783360799153,,,False,2,pm25,µg/m³,,raw,01:00:00,2025-12-06T03:00:00Z,2025-12-06T08:45:00+05:45,2025-12-06T04:00:00Z,2025-12-06T09:45:00+05:45,1,01:00:00,1,01:00:00,100.0,100.0,2025-12-06T03:00:00Z,2025-12-06T08:45:00+05:45,2025-12-06T04:00:00Z,2025-12-06T09:45:00+05:45,6138068,Purano naikap (SC-29)-GD Labs,27.705718,85.255141
87.49768081241183,,,False,2,pm25,µg/m³,,raw,01:00:00,2025-12-06T04:00:00Z,2025-12-06T09:45:00+05:45,2025-12-06T05:00:00Z,2025-12-06T10:45:00+05:45,1,01:00:00,1,01:00:00,100.0,100.0,2025-12-06T04:00:00Z,2025-12-06T09:45:00+05:45,2025-12-06T05:00:00Z,2025-12-06T10:45:00+05:45,6138068,Purano naikap (SC-29)-GD Labs,27.705718,85.255141
81.22483342488606,,,False,2,pm25,µg/m³,,raw,01:00:00,2025-12-06T05:00:00Z,2025-12-06T10:45:00+05:45,2025-12-06T06:00:00Z,2025-12-06T11:45:00+05:45,1,01:00:00,1,01:00:00,100.0,100.0,2025-12-06T05:00:00Z,2025-12-06T10:45:00+05:45,2025-12-06T06:00:00Z,2025-12-06T11:45:00+05:45,6138068,Purano naikap (SC-29)-GD Labs,27.705718,85.255141
55.605999755859365,,,False,2,pm25,µg/m³,,raw,01:00:00,2025-12-06T06:00:00Z,2025-12-06T11:45:00+05:45,2025-12-06T07:00:00Z,2025-12-06T12:45:00+05:45,1,01:00:00,1,01:00:00,100.0,100.0,2025-12-06T06:00:00Z,2025-12-06T11:45:00+05:45,2025-12-06T07:00:00Z,2025-12-06T12:45:00+05:45,6138068,Purano naikap (SC-29)-GD Labs,27.705718,85.255141
47.5349998474121,,,False,2,pm25,µg/m³,,raw,01:00:00,2025-12-06T07:00:00Z,2025-12-06T12:45:00+05:45,2025-12-06T08:00:00Z,2025-12-06T13:45:00+05:45,1,01:00:00,1,01:00:00,100.0,100.0,2025-12-06T07:00:00Z,2025-12-06T12:45:00+05:45,2025-12-06T08:00:00Z,2025-12-06T13:45:00+05:45,6138068,Purano naikap (SC-29)-GD Labs,27.705718,85.255141
42.02966715494791,,,False,2,pm25,µg/m³,,raw,01:00:00,2025-12-06T08:00:00Z,2025-12-06T13:45:00+05:45,2025-12-06T09:00:00Z,2025-12-06T14:45:00+05:45,1,01:00:00,1,01:00:00,100.0,100.0,2025-12-06T08:00:00Z,2025-12-06T13:45:00+05:45,2025-12-06T09:00:00Z,2025-12-06T14:45:00+05:45,6138068,Purano naikap (SC-29)-GD Labs,27.705718,85.255141
42.66954123179118,,,False,2,pm25,µg/m³,,raw,01:00:00,2025-12-06T09:00:00Z,2025-12-06T14:45:00+05:45,2025-12-06T10:00:00Z,2025-12-06T15:45:00+05:45,1,01:00:00,1,01:00:00,100.0,100.0,2025-12-06T09:00:00Z,2025-12-06T14:45:00+05:45,2025-12-06T10:00:00Z,2025-12-06T15:45:00+05:45,6138068,Purano naikap (SC-29)-GD Labs,27.705718,85.255141
31.067166455586754,,,False,2,pm25,µg/m³,,raw,01:00:00,2025-12-06T10:00:00Z,2025-12-06T15:45:00+05:45,2025-12-06T11:00:00Z,2025-12-06T16:45:00+05:45,1,01:00:00,1,01:00:00,100.0,100.0,2025-12-06T10:00:00Z,2025-12-06T15:45:00+05:45,2025-12-06T11:00:00Z,2025-12-06T16:45:00+05:45,6138068,Purano naikap (SC-29)-GD Labs,27.705718,85.255141
35.85250015258789,,,False,2,pm25,µg/m³,,raw,01:00:00,2025-12-06T11:00:00Z,2025-12-06T16:45:00+05:45,2025-12-06T12:00:00Z,2025-12-06T17:45:00+05:45,1,01:00:00,1,01:00:00,100.0,100.0,2025-12-06T11:00:00Z,2025-12-06T16:45:00+05:45,2025-12-06T12:00:00Z,2025-12-06T17:45:00+05:45,6138068,Purano naikap (SC-29)-GD Labs,27.705718,85.255141
35.79433342615763,,,False,2,pm25,µg/m³,,raw,01:00:00,2025-12-06T12:00:00Z,2025-12-06T17:45:00+05:45,2025-12-06T13:00:00Z,2025-12-06T18:45:00+05:45,1,01:00:00,1,01:00:00,100.0,100.0,2025-12-06T12:00:00Z,2025-12-06T17:45:00+05:45,2025-12-06T13:00:00Z,2025-12-06T18:45:00+05:45,6138068,Purano naikap (SC-29)-GD Labs,27.705718,85.255141
36.694499969482415,,,False,2,pm25,µg/m³,,raw,01:00:00,2025-12-06T13:00:00Z,2025-12-06T18:45:00+05:45,2025-12-06T14:00:00Z,2025-12-06T19:45:00+05:45,1,01:00:00,1,01:00:00,100.0,100.0,2025-12-06T13:00:00Z,2025-12-06T18:45:00+05:45,2025-12-06T14:00:00Z,2025-12-06T19:45:00+05:45,6138068,Purano naikap (SC-29)-GD Labs,27.705718,85.255141
34.97766675949097,,,False,2,pm25,µg/m³,,raw,01:00:00,2025-12-06T14:00:00Z,2025-12-06T19:45:00+05:45,2025-12-06T15:00:00Z,2025-12-06T20:45:00+05:45,1,01:00:00,1,01:00:00,100.0,100.0,2025-12-06T14:00:00Z,2025-12-06T19:45:00+05:45,2025-12-06T15:00:00Z,2025-12-06T20:45:00+05:45,6138068,Purano naikap (SC-29)-GD Labs,27.705718,85.255141
38.69449996948242,,,False,2,pm25,µg/m³,,raw,01:00:00,2025-12-06T15:00:00Z,2025-12-06T20:45:00+05:45,2025-12-06T16:00:00Z,2025-12-06T21:45:00+05:45,1,01:00:00,1,01:00:00,100.0,100.0,2025-12-06T15:00:00Z,2025-12-06T20:45:00+05:45,2025-12-06T16:00:00Z,2025-12-06T21:45:00+05:45,6138068,Purano naikap (SC-29)-GD Labs,27.705718,85.255141
80.55533345540364,,,False,2,pm25,µg/m³,,raw,01:00:00,2025-12-06T16:00:00Z,2025-12-06T21:45:00+05:45,2025-12-06T17:00:00Z,2025-12-06T22:45:00+05:45,1,01:00:00,1,01:00:00,100.0,100.0,2025-12-06T16:00:00Z,2025-12-06T21:45:00+05:45,2025-12-06T17:00:00Z,2025-12-06T22:45:00+05:45,6138068,Purano naikap (SC-29)-GD Labs,27.705718,85.255141
99.78649978637696,,,False,2,pm25,µg/m³,,raw,01:00:00,2025-12-06T17:00:00Z,2025-12-06T22:45:00+05:45,2025-12-06T18:00:00Z,2025-12-06T23:45:00+05:45,1,01:00:00,1,01:00:00,100.0,100.0,2025-12-06T17:00:00Z,2025-12-06T22:45:00+05:45,2025-12-06T18:00:00Z,2025-12-06T23:45:00+05:45,6138068,Purano naikap (SC-29)-GD Labs,27.705718,85.255141
82.70566660563152,,,False,2,pm25,µg/m³,,raw,01:00:00,2025-12-06T18:00:00Z,2025-12-06T23:45:00+05:45,2025-12-06T19:00:00Z,2025-12-07T00:45:00+05:45,1,01:00:00,1,01:00:00,100.0,100.0,2025-12-06T18:00:00Z,2025-12-06T23:45:00+05:45,2025-12-06T19:00:00Z,2025-12-07T00:45:00+05:45,6138068,Purano naikap (SC-29)-GD Labs,27.705718,85.255141
86.07386071946887,,,False,2,pm25,µg/m³,,raw,01:00:00,2025-12-06T19:00:00Z,2025-12-07T00:45:00+05:45,2025-12-06T20:00:00Z,2025-12-07T01:45:00+05:45,1,01:00:00,1,01:00:00,100.0,100.0,2025-12-06T19:00:00Z,2025-12-07T00:45:00+05:45,2025-12-06T20:00:00Z,2025-12-07T01:45:00+05:45,6138068,Purano naikap (SC-29)-GD Labs,27.705718,85.255141
65.90530543857152,,,False,2,pm25,µg/m³,,raw,01:00:00,2025-12-06T20:00:00Z,2025-12-07T01:45:00+05:45,2025-12-06T21:00:00Z,2025-12-07T02:45:00+05:45,1,01:00:00,1,01:00:00,100.0,100.0,2025-12-06T20:00:00Z,2025-12-07T01:45:00+05:45,2025-12-06T21:00:00Z,2025-12-07T02:45:00+05:45,6138068,Purano naikap (SC-29)-GD Labs,27.705718,85.255141
57.66995843251545,,,False,2,pm25,µg/m³,,raw,01:00:00,2025-12-06T21:00:00Z,2025-12-07T02:45:00+05:45,2025-12-06T22:00:00Z,2025-12-07T03:45:00+05:45,1,01:00:00,1,01:00:00,100.0,100.0,2025-12-06T21:00:00Z,2025-12-07T02:45:00+05:45,2025-12-06T22:00:00Z,2025-12-07T03:45:00+05:45,6138068,Purano naikap (SC-29)-GD Labs,27.705718,85.255141
74.33383305867514,,,False,2,pm25,µg/m³,,raw,01:00:00,2025-12-06T22:00:00Z,2025-12-07T03:45:00+05:45,2025-12-06T23:00:00Z,2025-12-07T04:45:00+05:45,1,01:00:00,1,01:00:00,100.0,100.0,2025-12-06T22:00:00Z,2025-12-07T03:45:00+05:45,2025-12-06T23:00:00Z,2025-12-07T04:45:00+05:45,6138068,Purano naikap (SC-29)-GD Labs,27.705718,85.255141
66.44199981689454,,,False,2,pm25,µg/m³,,raw,01:00:00,2025-12-06T23:00:00Z,2025-12-07T04:45:00+05:45,2025-12-07T00:00:00Z,2025-12-07T05:45:00+05:45,1,01:00:00,1,01:00:00,100.0,100.0,2025-12-06T23:00:00Z,2025-12-07T04:45:00+05:45,2025-12-07T00:00:00Z,2025-12-07T05:45:00+05:45,6138068,Purano naikap (SC-29)-GD Labs,27.705718,85.255141
60.069166819254555,,,False,2,pm25,µg/m³,,raw,01:00:00,2025-12-07T00:00:00Z,2025-12-07T05:45:00+05:45,2025-12-07T01:00:00Z,2025-12-07T06:45:00+05:45,1,01:00:00,1,01:00:00,100.0,100.0,2025-12-07T00:00:00Z,2025-12-07T05:45:00+05:45,2025-12-07T01:00:00Z,2025-12-07T06:45:00+05:45,6138068,Purano naikap (SC-29)-GD Labs,27.705718,85.255141
54.775166575113936,,,False,2,pm25,µg/m³,,raw,01:00:00,2025-12-07T01:00:00Z,2025-12-07T06:45:00+05:45,2025-12-07T02:00:00Z,2025-12-07T07:45:00+05:45,1,01:00:00,1,01:00:00,100.0,100.0,2025-12-07T01:00:00Z,2025-12-07T06:45:00+05:45,2025-12-07T02:00:00Z,2025-12-07T07:45:00+05:45,6138068,Purano naikap (SC-29)-GD Labs,27.705718,85.255141
57.019999694824214,,,False,2,pm25,µg/m³,,raw,01:00:00,2025-12-07T02:00:00Z,2025-12-07T07:45:00+05:45,2025-12-07T03:00:00Z,2025-12-07T08:45:00+05:45,1,01:00:00,1,01:00:00,100.0,100.0,2025-12-07T02:00:00Z,2025-12-07T07:45:00+05:45,2025-12-07T03:00:00Z,2025-12-07T08:45:00+05:45,6138068,Purano naikap (SC-29)-GD Labs,27.705718,85.255141
63.89166666666667,,,False,2,pm25,µg/m³,,raw,01:00:00,2025-12-07T03:00:00Z,2025-12-07T08:45:00+05:45,2025-12-07T04:00:00Z,2025-12-07T09:45:00+05:45,1,01:00:00,1,01:00:00,100.0,100.0,2025-12-07T03:00:00Z,2025-12-07T08:45:00+05:45,2025-12-07T04:00:00Z,2025-12-07T09:45:00+05:45,6138068,Purano naikap (SC-29)-GD Labs,27.705718,85.255141
49.26813313802083,,,False,2,pm25,µg/m³,,raw,01:00:00,2025-12-08T04:00:00Z,2025-12-08T09:45:00+05:45,2025-12-08T05:00:00Z,2025-12-08T10:45:00+05:45,1,01:00:00,1,01:00:00,100.0,100.0,2025-12-08T04:00:00Z,2025-12-08T09:45:00+05:45,2025-12-08T05:00:00Z,2025-12-08T10:45:00+05:45,6138068,Purano naikap (SC-29)-GD Labs,27.705718,85.255141
51.19700012207031,,,False,2,pm25,µg/m³,,raw,01:00:00,2025-12-08T05:00:00Z,2025-12-08T10:45:00+05:45,2025-12-08T06:00:00Z,2025-12-08T11:45:00+05:45,1,01:00:00,1,01:00:00,100.0,100.0,2025-12-08T05:00:00Z,2025-12-08T10:45:00+05:45,2025-12-08T06:00:00Z,2025-12-08T11:45:00+05:45,6138068,Purano naikap (SC-29)-GD Labs,27.705718,85.255141
46.29777772691514,,,False,2,pm25,µg/m³,,raw,01:00:00,2025-12-08T06:00:00Z,2025-12-08T11:45:00+05:45,2025-12-08T07:00:00Z,2025-12-08T12:45:00+05:45,1,01:00:00,1,01:00:00,100.0,100.0,2025-12-08T06:00:00Z,2025-12-08T11:45:00+05:45,2025-12-08T07:00:00Z,2025-12-08T12:45:00+05:45,6138068,Purano naikap (SC-29)-GD Labs,27.705718,85.255141
42.91116667588552,,,False,2,pm25,µg/m³,,raw,01:00:00,2025-12-08T07:00:00Z,2025-12-08T12:45:00+05:45,2025-12-08T08:00:00Z,2025-12-08T13:45:00+05:45,1,01:00:00,1,01:00:00,100.0,100.0,2025-12-08T07:00:00Z,2025-12-08T12:45:00+05:45,2025-12-08T08:00:00Z,2025-12-08T13:45:00+05:45,6138068,Purano naikap (SC-29)-GD Labs,27.705718,85.255141
27.425166670481364,,,False,2,pm25,µg/m³,,raw,01:00:00,2025-12-08T08:00:00Z,2025-12-08T13:45:00+05:45,2025-12-08T09:00:00Z,2025-12-08T14:45:00+05:45,1,01:00:00,1,01:00:00,100.0,100.0,2025-12-08T08:00:00Z,2025-12-08T13:45:00+05:45,2025-12-08T09:00:00Z,2025-12-08T14:45:00+05:45,6138068,Purano naikap (SC-29)-GD Labs,27.705718,85.255141
50.997501373291016,,,False,2,pm25,µg/m³,,raw,01:00:00,2025-12-12T03:00:00Z,2025-12-12T08:45:00+05:45,2025-12-12T04:00:00Z,2025-12-12T09:45:00+05:45,1,01:00:00,1,01:00:00,100.0,100.0,2025-12-12T03:00:00Z,2025-12-12T08:45:00+05:45,2025-12-12T04:00:00Z,2025-12-12T09:45:00+05:45,6138068,Purano naikap (SC-29)-GD Labs,27.705718,85.255141
128.91758308410644,,,False,2,pm25,µg/m³,,raw,01:00:00,2026-01-23T03:00:00Z,2026-01-23T08:45:00+05:45,2026-01-23T04:00:00Z,2026-01-23T09:45:00+05:45,1,01:00:00,1,01:00:00,100.0,100.0,2026-01-23T03:00:00Z,2026-01-23T08:45:00+05:45,2026-01-23T04:00:00Z,2026-01-23T09:45:00+05:45,6138068,Purano naikap (SC-29)-GD Labs,27.705718,85.255141
106.83915000915529,,,False,2,pm25,µg/m³,,raw,01:00:00,2026-01-23T04:00:00Z,2026-01-23T09:45:00+05:45,2026-01-23T05:00:00Z,2026-01-23T10:45:00+05:45,1,01:00:00,1,01:00:00,100.0,100.0,2026-01-23T04:00:00Z,2026-01-23T09:45:00+05:45,2026-01-23T05:00:00Z,2026-01-23T10:45:00+05:45,6138068,Purano naikap (SC-29)-GD Labs,27.705718,85.255141
29.9,,,False,2,pm25,µg/m³,,raw,01:00:00,2026-03-23T10:00:00Z,2026-03-23T15:45:00+05:45,2026-03-23T11:00:00Z,2026-03-23T16:45:00+05:45,1,01:00:00,1,01:00:00,100.0,100.0,2026-03-23T10:00:00Z,2026-03-23T15:45:00+05:45,2026-03-23T11:00:00Z,2026-03-23T16:45:00+05:45,6138068,Purano naikap (SC-29)-GD Labs,27.705718,85.255141
35.1,,,False,2,pm25,µg/m³,,raw,01:00:00,2026-03-23T11:00:00Z,2026-03-23T16:45:00+05:45,2026-03-23T12:00:00Z,2026-03-23T17:45:00+05:45,1,01:00:00,1,01:00:00,100.0,100.0,2026-03-23T11:00:00Z,2026-03-23T16:45:00+05:45,2026-03-23T12:00:00Z,2026-03-23T17:45:00+05:45,6138068,Purano naikap (SC-29)-GD Labs,27.705718,85.255141
36.7,,,False,2,pm25,µg/m³,,raw,01:00:00,2026-03-23T12:00:00Z,2026-03-23T17:45:00+05:45,2026-03-23T13:00:00Z,2026-03-23T18:45:00+05:45,1,01:00:00,1,01:00:00,100.0,100.0,2026-03-23T12:00:00Z,2026-03-23T17:45:00+05:45,2026-03-23T13:00:00Z,2026-03-23T18:45:00+05:45,6138068,Purano naikap (SC-29)-GD Labs,27.705718,85.255141
44.3,,,False,2,pm25,µg/m³,,raw,01:00:00,2026-03-23T13:00:00Z,2026-03-23T18:45:00+05:45,2026-03-23T14:00:00Z,2026-03-23T19:45:00+05:45,1,01:00:00,1,01:00:00,100.0,100.0,2026-03-23T13:00:00Z,2026-03-23T18:45:00+05:45,2026-03-23T14:00:00Z,2026-03-23T19:45:00+05:45,6138068,Purano naikap (SC-29)-GD Labs,27.705718,85.255141
44.7,,,False,2,pm25,µg/m³,,raw,01:00:00,2026-03-23T14:00:00Z,2026-03-23T19:45:00+05:45,2026-03-23T15:00:00Z,2026-03-23T20:45:00+05:45,1,01:00:00,1,01:00:00,100.0,100.0,2026-03-23T14:00:00Z,2026-03-23T19:45:00+05:45,2026-03-23T15:00:00Z,2026-03-23T20:45:00+05:45,6138068,Purano naikap (SC-29)-GD Labs,27.705718,85.255141
47.9,,,False,2,pm25,µg/m³,,raw,01:00:00,2026-03-23T15:00:00Z,2026-03-23T20:45:00+05:45,2026-03-23T16:00:00Z,2026-03-23T21:45:00+05:45,1,01:00:00,1,01:00:00,100.0,100.0,2026-03-23T15:00:00Z,2026-03-23T20:45:00+05:45,2026-03-23T16:00:00Z,2026-03-23T21:45:00+05:45,6138068,Purano naikap (SC-29)-GD Labs,27.705718,85.255141
49.6,,,False,2,pm25,µg/m³,,raw,01:00:00,2026-03-23T16:00:00Z,2026-03-23T21:45:00+05:45,2026-03-23T17:00:00Z,2026-03-23T22:45:00+05:45,1,01:00:00,1,01:00:00,100.0,100.0,2026-03-23T16:00:00Z,2026-03-23T21:45:00+05:45,2026-03-23T17:00:00Z,2026-03-23T22:45:00+05:45,6138068,Purano naikap (SC-29)-GD Labs,27.705718,85.255141
47.3,,,False,2,pm25,µg/m³,,raw,01:00:00,2026-03-23T17:00:00Z,2026-03-23T22:45:00+05:45,2026-03-23T18:00:00Z,2026-03-23T23:45:00+05:45,1,01:00:00,1,01:00:00,100.0,100.0,2026-03-23T17:00:00Z,2026-03-23T22:45:00+05:45,2026-03-23T18:00:00Z,2026-03-23T23:45:00+05:45,6138068,Purano naikap (SC-29)-GD Labs,27.705718,85.255141
49.1,,,False,2,pm25,µg/m³,,raw,01:00:00,2026-03-23T18:00:00Z,2026-03-23T23:45:00+05:45,2026-03-23T19:00:00Z,2026-03-24T00:45:00+05:45,1,01:00:00,1,01:00:00,100.0,100.0,2026-03-23T18:00:00Z,2026-03-23T23:45:00+05:45,2026-03-23T19:00:00Z,2026-03-24T00:45:00+05:45,6138068,Purano naikap (SC-29)-GD Labs,27.705718,85.255141
48.6,,,False,2,pm25,µg/m³,,raw,01:00:00,2026-03-23T19:00:00Z,2026-03-24T00:45:00+05:45,2026-03-23T20:00:00Z,2026-03-24T01:45:00+05:45,1,01:00:00,1,01:00:00,100.0,100.0,2026-03-23T19:00:00Z,2026-03-24T00:45:00+05:45,2026-03-23T20:00:00Z,2026-03-24T01:45:00+05:45,6138068,Purano naikap (SC-29)-GD Labs,27.705718,85.255141
48.1,,,False,2,pm25,µg/m³,,raw,01:00:00,2026-03-23T20:00:00Z,2026-03-24T01:45:00+05:45,2026-03-23T21:00:00Z,2026-03-24T02:45:00+05:45,1,01:00:00,1,01:00:00,100.0,100.0,2026-03-23T20:00:00Z,2026-03-24T01:45:00+05:45,2026-03-23T21:00:00Z,2026-03-24T02:45:00+05:45,6138068,Purano naikap (SC-29)-GD Labs,27.705718,85.255141
46.2,,,False,2,pm25,µg/m³,,raw,01:00:00,2026-03-23T21:00:00Z,2026-03-24T02:45:00+05:45,2026-03-23T22:00:00Z,2026-03-24T03:45:00+05:45,1,01:00:00,1,01:00:00,100.0,100.0,2026-03-23T21:00:00Z,2026-03-24T02:45:00+05:45,2026-03-23T22:00:00Z,2026-03-24T03:45:00+05:45,6138068,Purano naikap (SC-29)-GD Labs,27.705718,85.255141
48.2,,,False,2,pm25,µg/m³,,raw,01:00:00,2026-03-23T22:00:00Z,2026-03-24T03:45:00+05:45,2026-03-23T23:00:00Z,2026-03-24T04:45:00+05:45,1,01:00:00,1,01:00:00,100.0,100.0,2026-03-23T22:00:00Z,2026-03-24T03:45:00+05:45,2026-03-23T23:00:00Z,2026-03-24T04:45:00+05:45,6138068,Purano naikap (SC-29)-GD Labs,27.705718,85.255141
48.5,,,False,2,pm25,µg/m³,,raw,01:00:00,2026-03-23T23:00:00Z,2026-03-24T04:45:00+05:45,2026-03-24T00:00:00Z,2026-03-24T05:45:00+05:45,1,01:00:00,1,01:00:00,100.0,100.0,2026-03-23T23:00:00Z,2026-03-24T04:45:00+05:45,2026-03-24T00:00:00Z,2026-03-24T05:45:00+05:45,6138068,Purano naikap (SC-29)-GD Labs,27.705718,85.255141
54.4,,,False,2,pm25,µg/m³,,raw,01:00:00,2026-03-24T00:00:00Z,2026-03-24T05:45:00+05:45,2026-03-24T01:00:00Z,2026-03-24T06:45:00+05:45,1,01:00:00,1,01:00:00,100.0,100.0,2026-03-24T00:00:00Z,2026-03-24T05:45:00+05:45,2026-03-24T01:00:00Z,2026-03-24T06:45:00+05:45,6138068,Purano naikap (SC-29)-GD Labs,27.705718,85.255141
57.5,,,False,2,pm25,µg/m³,,raw,01:00:00,2026-03-24T01:00:00Z,2026-03-24T06:45:00+05:45,2026-03-24T02:00:00Z,2026-03-24T07:45:00+05:45,1,01:00:00,1,01:00:00,100.0,100.0,2026-03-24T01:00:00Z,2026-03-24T06:45:00+05:45,2026-03-24T02:00:00Z,2026-03-24T07:45:00+05:45,6138068,Purano naikap (SC-29)-GD Labs,27.705718,85.255141
65.7,,,False,2,pm25,µg/m³,,raw,01:00:00,2026-03-24T02:00:00Z,2026-03-24T07:45:00+05:45,2026-03-24T03:00:00Z,2026-03-24T08:45:00+05:45,1,01:00:00,1,01:00:00,100.0,100.0,2026-03-24T02:00:00Z,2026-03-24T07:45:00+05:45,2026-03-24T03:00:00Z,2026-03-24T08:45:00+05:45,6138068,Purano naikap (SC-29)-GD Labs,27.705718,85.255141
55.4,,,False,2,pm25,µg/m³,,raw,01:00:00,2026-03-24T03:00:00Z,2026-03-24T08:45:00+05:45,2026-03-24T04:00:00Z,2026-03-24T09:45:00+05:45,1,01:00:00,1,01:00:00,100.0,100.0,2026-03-24T03:00:00Z,2026-03-24T08:45:00+05:45,2026-03-24T04:00:00Z,2026-03-24T09:45:00+05:45,6138068,Purano naikap (SC-29)-GD Labs,27.705718,85.255141
40.9,,,False,2,pm25,µg/m³,,raw,01:00:00,2026-03-24T04:00:00Z,2026-03-24T09:45:00+05:45,2026-03-24T05:00:00Z,2026-03-24T10:45:00+05:45,1,01:00:00,1,01:00:00,100.0,100.0,2026-03-24T04:00:00Z,2026-03-24T09:45:00+05:45,2026-03-24T05:00:00Z,2026-03-24T10:45:00+05:45,6138068,Purano naikap (SC-29)-GD Labs,27.705718,85.255141
39.7,,,False,2,pm25,µg/m³,,raw,01:00:00,2026-03-24T05:00:00Z,2026-03-24T10:45:00+05:45,2026-03-24T06:00:00Z,2026-03-24T11:45:00+05:45,1,01:00:00,1,01:00:00,100.0,100.0,2026-03-24T05:00:00Z,2026-03-24T10:45:00+05:45,2026-03-24T06:00:00Z,2026-03-24T11:45:00+05:45,6138068,Purano naikap (SC-29)-GD Labs,27.705718,85.255141
34.2,,,False,2,pm25,µg/m³,,raw,01:00:00,2026-03-24T06:00:00Z,2026-03-24T11:45:00+05:45,2026-03-24T07:00:00Z,2026-03-24T12:45:00+05:45,1,01:00:00,1,01:00:00,100.0,100.0,2026-03-24T06:00:00Z,2026-03-24T11:45:00+05:45,2026-03-24T07:00:00Z,2026-03-24T12:45:00+05:45,6138068,Purano naikap (SC-29)-GD Labs,27.705718,85.255141
33.4,,,False,2,pm25,µg/m³,,raw,01:00:00,2026-03-24T07:00:00Z,2026-03-24T12:45:00+05:45,2026-03-24T08:00:00Z,2026-03-24T13:45:00+05:45,1,01:00:00,1,01:00:00,100.0,100.0,2026-03-24T07:00:00Z,2026-03-24T12:45:00+05:45,2026-03-24T08:00:00Z,2026-03-24T13:45:00+05:45,6138068,Purano naikap (SC-29)-GD Labs,27.705718,85.255141
22.9,,,False,2,pm25,µg/m³,,raw,01:00:00,2026-03-24T08:00:00Z,2026-03-24T13:45:00+05:45,2026-03-24T09:00:00Z,2026-03-24T14:45:00+05:45,1,01:00:00,1,01:00:00,100.0,100.0,2026-03-24T08:00:00Z,2026-03-24T13:45:00+05:45,2026-03-24T09:00:00Z,2026-03-24T14:45:00+05:45,6138068,Purano naikap (SC-29)-GD Labs,27.705718,85.255141
23.9,,,False,2,pm25,µg/m³,,raw,01:00:00,2026-03-24T09:00:00Z,2026-03-24T14:45:00+05:45,2026-03-24T10:00:00Z,2026-03-24T15:45:00+05:45,1,01:00:00,1,01:00:00,100.0,100.0,2026-03-24T09:00:00Z,2026-03-24T14:45:00+05:45,2026-03-24T10:00:00Z,2026-03-24T15:45:00+05:45,6138068,Purano naikap (SC-29)-GD Labs,27.705718,85.255141
27.5,,,False,2,pm25,µg/m³,,raw,01:00:00,2026-03-24T10:00:00Z,2026-03-24T15:45:00+05:45,2026-03-24T11:00:00Z,2026-03-24T16:45:00+05:45,1,01:00:00,1,01:00:00,100.0,100.0,2026-03-24T10:00:00Z,2026-03-24T15:45:00+05:45,2026-03-24T11:00:00Z,2026-03-24T16:45:00+05:45,6138068,Purano naikap (SC-29)-GD Labs,27.705718,85.255141
35.3,,,False,2,pm25,µg/m³,,raw,01:00:00,2026-03-24T11:00:00Z,2026-03-24T16:45:00+05:45,2026-03-24T12:00:00Z,2026-03-24T17:45:00+05:45,1,01:00:00,1,01:00:00,100.0,100.0,2026-03-24T11:00:00Z,2026-03-24T16:45:00+05:45,2026-03-24T12:00:00Z,2026-03-24T17:45:00+05:45,6138068,Purano naikap (SC-29)-GD Labs,27.705718,85.255141
49.6,,,False,2,pm25,µg/m³,,raw,01:00:00,2026-03-24T12:00:00Z,2026-03-24T17:45:00+05:45,2026-03-24T13:00:00Z,2026-03-24T18:45:00+05:45,1,01:00:00,1,01:00:00,100.0,100.0,2026-03-24T12:00:00Z,2026-03-24T17:45:00+05:45,2026-03-24T13:00:00Z,2026-03-24T18:45:00+05:45,6138068,Purano naikap (SC-29)-GD Labs,27.705718,85.255141
38.5,,,False,2,pm25,µg/m³,,raw,01:00:00,2026-03-24T13:00:00Z,2026-03-24T18:45:00+05:45,2026-03-24T14:00:00Z,2026-03-24T19:45:00+05:45,1,01:00:00,1,01:00:00,100.0,100.0,2026-03-24T13:00:00Z,2026-03-24T18:45:00+05:45,2026-03-24T14:00:00Z,2026-03-24T19:45:00+05:45,6138068,Purano naikap (SC-29)-GD Labs,27.705718,85.255141
42.9,,,False,2,pm25,µg/m³,,raw,01:00:00,2026-03-24T14:00:00Z,2026-03-24T19:45:00+05:45,2026-03-24T15:00:00Z,2026-03-24T20:45:00+05:45,1,01:00:00,1,01:00:00,100.0,100.0,2026-03-24T14:00:00Z,2026-03-24T19:45:00+05:45,2026-03-24T15:00:00Z,2026-03-24T20:45:00+05:45,6138068,Purano naikap (SC-29)-GD Labs,27.705718,85.255141
45.7,,,False,2,pm25,µg/m³,,raw,01:00:00,2026-03-24T15:00:00Z,2026-03-24T20:45:00+05:45,2026-03-24T16:00:00Z,2026-03-24T21:45:00+05:45,1,01:00:00,1,01:00:00,100.0,100.0,2026-03-24T15:00:00Z,2026-03-24T20:45:00+05:45,2026-03-24T16:00:00Z,2026-03-24T21:45:00+05:45,6138068,Purano naikap (SC-29)-GD Labs,27.705718,85.255141
39.8,,,False,2,pm25,µg/m³,,raw,01:00:00,2026-03-24T16:00:00Z,2026-03-24T21:45:00+05:45,2026-03-24T17:00:00Z,2026-03-24T22:45:00+05:45,1,01:00:00,1,01:00:00,100.0,100.0,2026-03-24T16:00:00Z,2026-03-24T21:45:00+05:45,2026-03-24T17:00:00Z,2026-03-24T22:45:00+05:45,6138068,Purano naikap (SC-29)-GD Labs,27.705718,85.255141
47.3,,,False,2,pm25,µg/m³,,raw,01:00:00,2026-03-24T17:00:00Z,2026-03-24T22:45:00+05:45,2026-03-24T18:00:00Z,2026-03-24T23:45:00+05:45,1,01:00:00,1,01:00:00,100.0,100.0,2026-03-24T17:00:00Z,2026-03-24T22:45:00+05:45,2026-03-24T18:00:00Z,2026-03-24T23:45:00+05:45,6138068,Purano naikap (SC-29)-GD Labs,27.705718,85.255141
45.5,,,False,2,pm25,µg/m³,,raw,01:00:00,2026-03-24T18:00:00Z,2026-03-24T23:45:00+05:45,2026-03-24T19:00:00Z,2026-03-25T00:45:00+05:45,1,01:00:00,1,01:00:00,100.0,100.0,2026-03-24T18:00:00Z,2026-03-24T23:45:00+05:45,2026-03-24T19:00:00Z,2026-03-25T00:45:00+05:45,6138068,Purano naikap (SC-29)-GD Labs,27.705718,85.255141
46.3,,,False,2,pm25,µg/m³,,raw,01:00:00,2026-03-24T19:00:00Z,2026-03-25T00:45:00+05:45,2026-03-24T20:00:00Z,2026-03-25T01:45:00+05:45,1,01:00:00,1,01:00:00,100.0,100.0,2026-03-24T19:00:00Z,2026-03-25T00:45:00+05:45,2026-03-24T20:00:00Z,2026-03-25T01:45:00+05:45,6138068,Purano naikap (SC-29)-GD Labs,27.705718,85.255141
47.3,,,False,2,pm25,µg/m³,,raw,01:00:00,2026-03-24T20:00:00Z,2026-03-25T01:45:00+05:45,2026-03-24T21:00:00Z,2026-03-25T02:45:00+05:45,1,01:00:00,1,01:00:00,100.0,100.0,2026-03-24T20:00:00Z,2026-03-25T01:45:00+05:45,2026-03-24T21:00:00Z,2026-03-25T02:45:00+05:45,6138068,Purano naikap (SC-29)-GD Labs,27.705718,85.255141
48.0,,,False,2,pm25,µg/m³,,raw,01:00:00,2026-03-24T21:00:00Z,2026-03-25T02:45:00+05:45,2026-03-24T22:00:00Z,2026-03-25T03:45:00+05:45,1,01:00:00,1,01:00:00,100.0,100.0,2026-03-24T21:00:00Z,2026-03-25T02:45:00+05:45,2026-03-24T22:00:00Z,2026-03-25T03:45:00+05:45,6138068,Purano naikap (SC-29)-GD Labs,27.705718,85.255141
50.7,,,False,2,pm25,µg/m³,,raw,01:00:00,2026-03-24T22:00:00Z,2026-03-25T03:45:00+05:45,2026-03-24T23:00:00Z,2026-03-25T04:45:00+05:45,1,01:00:00,1,01:00:00,100.0,100.0,2026-03-24T22:00:00Z,2026-03-25T03:45:00+05:45,2026-03-24T23:00:00Z,2026-03-25T04:45:00+05:45,6138068,Purano naikap (SC-29)-GD Labs,27.705718,85.255141
53.2,,,False,2,pm25,µg/m³,,raw,01:00:00,2026-03-24T23:00:00Z,2026-03-25T04:45:00+05:45,2026-03-25T00:00:00Z,2026-03-25T05:45:00+05:45,1,01:00:00,1,01:00:00,100.0,100.0,2026-03-24T23:00:00Z,2026-03-25T04:45:00+05:45,2026-03-25T00:00:00Z,2026-03-25T05:45:00+05:45,6138068,Purano naikap (SC-29)-GD Labs,27.705718,85.255141
53.8,,,False,2,pm25,µg/m³,,raw,01:00:00,2026-03-25T00:00:00Z,2026-03-25T05:45:00+05:45,2026-03-25T01:00:00Z,2026-03-25T06:45:00+05:45,1,01:00:00,1,01:00:00,100.0,100.0,2026-03-25T00:00:00Z,2026-03-25T05:45:00+05:45,2026-03-25T01:00:00Z,2026-03-25T06:45:00+05:45,6138068,Purano naikap (SC-29)-GD Labs,27.705718,85.255141
55.5,,,False,2,pm25,µg/m³,,raw,01:00:00,2026-03-25T01:00:00Z,2026-03-25T06:45:00+05:45,2026-03-25T02:00:00Z,2026-03-25T07:45:00+05:45,1,01:00:00,1,01:00:00,100.0,100.0,2026-03-25T01:00:00Z,2026-03-25T06:45:00+05:45,2026-03-25T02:00:00Z,2026-03-25T07:45:00+05:45,6138068,Purano naikap (SC-29)-GD Labs,27.705718,85.255141
67.5,,,False,2,pm25,µg/m³,,raw,01:00:00,2026-03-25T02:00:00Z,2026-03-25T07:45:00+05:45,2026-03-25T03:00:00Z,2026-03-25T08:45:00+05:45,1,01:00:00,1,01:00:00,100.0,100.0,2026-03-25T02:00:00Z,2026-03-25T07:45:00+05:45,2026-03-25T03:00:00Z,2026-03-25T08:45:00+05:45,6138068,Purano naikap (SC-29)-GD Labs,27.705718,85.255141
56.5,,,False,2,pm25,µg/m³,,raw,01:00:00,2026-03-25T03:00:00Z,2026-03-25T08:45:00+05:45,2026-03-25T04:00:00Z,2026-03-25T09:45:00+05:45,1,01:00:00,1,01:00:00,100.0,100.0,2026-03-25T03:00:00Z,2026-03-25T08:45:00+05:45,2026-03-25T04:00:00Z,2026-03-25T09:45:00+05:45,6138068,Purano naikap (SC-29)-GD Labs,27.705718,85.255141
50.3,,,False,2,pm25,µg/m³,,raw,01:00:00,2026-03-25T04:00:00Z,2026-03-25T09:45:00+05:45,2026-03-25T05:00:00Z,2026-03-25T10:45:00+05:45,1,01:00:00,1,01:00:00,100.0,100.0,2026-03-25T04:00:00Z,2026-03-25T09:45:00+05:45,2026-03-25T05:00:00Z,2026-03-25T10:45:00+05:45,6138068,Purano naikap (SC-29)-GD Labs,27.705718,85.255141
39.6,,,False,2,pm25,µg/m³,,raw,01:00:00,2026-03-25T05:00:00Z,2026-03-25T10:45:00+05:45,2026-03-25T06:00:00Z,2026-03-25T11:45:00+05:45,1,01:00:00,1,01:00:00,100.0,100.0,2026-03-25T05:00:00Z,2026-03-25T10:45:00+05:45,2026-03-25T06:00:00Z,2026-03-25T11:45:00+05:45,6138068,Purano naikap (SC-29)-GD Labs,27.705718,85.255141
32.3,,,False,2,pm25,µg/m³,,raw,01:00:00,2026-03-25T06:00:00Z,2026-03-25T11:45:00+05:45,2026-03-25T07:00:00Z,2026-03-25T12:45:00+05:45,1,01:00:00,1,01:00:00,100.0,100.0,2026-03-25T06:00:00Z,2026-03-25T11:45:00+05:45,2026-03-25T07:00:00Z,2026-03-25T12:45:00+05:45,6138068,Purano naikap (SC-29)-GD Labs,27.705718,85.255141
32.2,,,False,2,pm25,µg/m³,,raw,01:00:00,2026-03-25T07:00:00Z,2026-03-25T12:45:00+05:45,2026-03-25T08:00:00Z,2026-03-25T13:45:00+05:45,1,01:00:00,1,01:00:00,100.0,100.0,2026-03-25T07:00:00Z,2026-03-25T12:45:00+05:45,2026-03-25T08:00:00Z,2026-03-25T13:45:00+05:45,6138068,Purano naikap (SC-29)-GD Labs,27.705718,85.255141
35.5,,,False,2,pm25,µg/m³,,raw,01:00:00,2026-03-25T08:00:00Z,2026-03-25T13:45:00+05:45,2026-03-25T09:00:00Z,2026-03-25T14:45:00+05:45,1,01:00:00,1,01:00:00,100.0,100.0,2026-03-25T08:00:00Z,2026-03-25T13:45:00+05:45,2026-03-25T09:00:00Z,2026-03-25T14:45:00+05:45,6138068,Purano naikap (SC-29)-GD Labs,27.705718,85.255141
39.3,,,False,2,pm25,µg/m³,,raw,01:00:00,2026-03-25T09:00:00Z,2026-03-25T14:45:00+05:45,2026-03-25T10:00:00Z,2026-03-25T15:45:00+05:45,1,01:00:00,1,01:00:00,100.0,100.0,2026-03-25T09:00:00Z,2026-03-25T14:45:00+05:45,2026-03-25T10:00:00Z,2026-03-25T15:45:00+05:45,6138068,Purano naikap (SC-29)-GD Labs,27.705718,85.255141
43.0,,,False,2,pm25,µg/m³,,raw,01:00:00,2026-03-25T10:00:00Z,2026-03-25T15:45:00+05:45,2026-03-25T11:00:00Z,2026-03-25T16:45:00+05:45,1,01:00:00,1,01:00:00,100.0,100.0,2026-03-25T10:00:00Z,2026-03-25T15:45:00+05:45,2026-03-25T11:00:00Z,2026-03-25T16:45:00+05:45,6138068,Purano naikap (SC-29)-GD Labs,27.705718,85.255141
47.6,,,False,2,pm25,µg/m³,,raw,01:00:00,2026-03-25T11:00:00Z,2026-03-25T16:45:00+05:45,2026-03-25T12:00:00Z,2026-03-25T17:45:00+05:45,1,01:00:00,1,01:00:00,100.0,100.0,2026-03-25T11:00:00Z,2026-03-25T16:45:00+05:45,2026-03-25T12:00:00Z,2026-03-25T17:45:00+05:45,6138068,Purano naikap (SC-29)-GD Labs,27.705718,85.255141
56.5,,,False,2,pm25,µg/m³,,raw,01:00:00,2026-03-25T12:00:00Z,2026-03-25T17:45:00+05:45,2026-03-25T13:00:00Z,2026-03-25T18:45:00+05:45,1,01:00:00,1,01:00:00,100.0,100.0,2026-03-25T12:00:00Z,2026-03-25T17:45:00+05:45,2026-03-25T13:00:00Z,2026-03-25T18:45:00+05:45,6138068,Purano naikap (SC-29)-GD Labs,27.705718,85.255141
63.9,,,False,2,pm25,µg/m³,,raw,01:00:00,2026-03-25T13:00:00Z,2026-03-25T18:45:00+05:45,2026-03-25T14:00:00Z,2026-03-25T19:45:00+05:45,1,01:00:00,1,01:00:00,100.0,100.0,2026-03-25T13:00:00Z,2026-03-25T18:45:00+05:45,2026-03-25T14:00:00Z,2026-03-25T19:45:00+05:45,6138068,Purano naikap (SC-29)-GD Labs,27.705718,85.255141
72.5,,,False,2,pm25,µg/m³,,raw,01:00:00,2026-03-25T14:00:00Z,2026-03-25T19:45:00+05:45,2026-03-25T15:00:00Z,2026-03-25T20:45:00+05:45,1,01:00:00,1,01:00:00,100.0,100.0,2026-03-25T14:00:00Z,2026-03-25T19:45:00+05:45,2026-03-25T15:00:00Z,2026-03-25T20:45:00+05:45,6138068,Purano naikap (SC-29)-GD Labs,27.705718,85.255141
71.7,,,False,2,pm25,µg/m³,,raw,01:00:00,2026-03-25T15:00:00Z,2026-03-25T20:45:00+05:45,2026-03-25T16:00:00Z,2026-03-25T21:45:00+05:45,1,01:00:00,1,01:00:00,100.0,100.0,2026-03-25T15:00:00Z,2026-03-25T20:45:00+05:45,2026-03-25T16:00:00Z,2026-03-25T21:45:00+05:45,6138068,Purano naikap (SC-29)-GD Labs,27.705718,85.255141
56.8,,,False,2,pm25,µg/m³,,raw,01:00:00,2026-03-25T16:00:00Z,2026-03-25T21:45:00+05:45,2026-03-25T17:00:00Z,2026-03-25T22:45:00+05:45,1,01:00:00,1,01:00:00,100.0,100.0,2026-03-25T16:00:00Z,2026-03-25T21:45:00+05:45,2026-03-25T17:00:00Z,2026-03-25T22:45:00+05:45,6138068,Purano naikap (SC-29)-GD Labs,27.705718,85.255141
55.5,,,False,2,pm25,µg/m³,,raw,01:00:00,2026-03-25T17:00:00Z,2026-03-25T22:45:00+05:45,2026-03-25T18:00:00Z,2026-03-25T23:45:00+05:45,1,01:00:00,1,01:00:00,100.0,100.0,2026-03-25T17:00:00Z,2026-03-25T22:45:00+05:45,2026-03-25T18:00:00Z,2026-03-25T23:45:00+05:45,6138068,Purano naikap (SC-29)-GD Labs,27.705718,85.255141
60.5,,,False,2,pm25,µg/m³,,raw,01:00:00,2026-03-25T18:00:00Z,2026-03-25T23:45:00+05:45,2026-03-25T19:00:00Z,2026-03-26T00:45:00+05:45,1,01:00:00,1,01:00:00,100.0,100.0,2026-03-25T18:00:00Z,2026-03-25T23:45:00+05:45,2026-03-25T19:00:00Z,2026-03-26T00:45:00+05:45,6138068,Purano naikap (SC-29)-GD Labs,27.705718,85.255141
57.2,,,False,2,pm25,µg/m³,,raw,01:00:00,2026-03-25T19:00:00Z,2026-03-26T00:45:00+05:45,2026-03-25T20:00:00Z,2026-03-26T01:45:00+05:45,1,01:00:00,1,01:00:00,100.0,100.0,2026-03-25T19:00:00Z,2026-03-26T00:45:00+05:45,2026-03-25T20:00:00Z,2026-03-26T01:45:00+05:45,6138068,Purano naikap (SC-29)-GD Labs,27.705718,85.255141
57.3,,,False,2,pm25,µg/m³,,raw,01:00:00,2026-03-25T20:00:00Z,2026-03-26T01:45:00+05:45,2026-03-25T21:00:00Z,2026-03-26T02:45:00+05:45,1,01:00:00,1,01:00:00,100.0,100.0,2026-03-25T20:00:00Z,2026-03-26T01:45:00+05:45,2026-03-25T21:00:00Z,2026-03-26T02:45:00+05:45,6138068,Purano naikap (SC-29)-GD Labs,27.705718,85.255141
71.6,,,False,2,pm25,µg/m³,,raw,01:00:00,2026-03-25T21:00:00Z,2026-03-26T02:45:00+05:45,2026-03-25T22:00:00Z,2026-03-26T03:45:00+05:45,1,01:00:00,1,01:00:00,100.0,100.0,2026-03-25T21:00:00Z,2026-03-26T02:45:00+05:45,2026-03-25T22:00:00Z,2026-03-26T03:45:00+05:45,6138068,Purano naikap (SC-29)-GD Labs,27.705718,85.255141
66.8,,,False,2,pm25,µg/m³,,raw,01:00:00,2026-03-25T22:00:00Z,2026-03-26T03:45:00+05:45,2026-03-25T23:00:00Z,2026-03-26T04:45:00+05:45,1,01:00:00,1,01:00:00,100.0,100.0,2026-03-25T22:00:00Z,2026-03-26T03:45:00+05:45,2026-03-25T23:00:00Z,2026-03-26T04:45:00+05:45,6138068,Purano naikap (SC-29)-GD Labs,27.705718,85.255141
71.1,,,False,2,pm25,µg/m³,,raw,01:00:00,2026-03-25T23:00:00Z,2026-03-26T04:45:00+05:45,2026-03-26T00:00:00Z,2026-03-26T05:45:00+05:45,1,01:00:00,1,01:00:00,100.0,100.0,2026-03-25T23:00:00Z,2026-03-26T04:45:00+05:45,2026-03-26T00:00:00Z,2026-03-26T05:45:00+05:45,6138068,Purano naikap (SC-29)-GD Labs,27.705718,85.255141
71.7,,,False,2,pm25,µg/m³,,raw,01:00:00,2026-03-26T00:00:00Z,2026-03-26T05:45:00+05:45,2026-03-26T01:00:00Z,2026-03-26T06:45:00+05:45,1,01:00:00,1,01:00:00,100.0,100.0,2026-03-26T00:00:00Z,2026-03-26T05:45:00+05:45,2026-03-26T01:00:00Z,2026-03-26T06:45:00+05:45,6138068,Purano naikap (SC-29)-GD Labs,27.705718,85.255141
75.3,,,False,2,pm25,µg/m³,,raw,01:00:00,2026-03-26T01:00:00Z,2026-03-26T06:45:00+05:45,2026-03-26T02:00:00Z,2026-03-26T07:45:00+05:45,1,01:00:00,1,01:00:00,100.0,100.0,2026-03-26T01:00:00Z,2026-03-26T06:45:00+05:45,2026-03-26T02:00:00Z,2026-03-26T07:45:00+05:45,6138068,Purano naikap (SC-29)-GD Labs,27.705718,85.255141
106.0,,,False,2,pm25,µg/m³,,raw,01:00:00,2026-03-26T02:00:00Z,2026-03-26T07:45:00+05:45,2026-03-26T03:00:00Z,2026-03-26T08:45:00+05:45,1,01:00:00,1,01:00:00,100.0,100.0,2026-03-26T02:00:00Z,2026-03-26T07:45:00+05:45,2026-03-26T03:00:00Z,2026-03-26T08:45:00+05:45,6138068,Purano naikap (SC-29)-GD Labs,27.705718,85.255141
104.1,,,False,2,pm25,µg/m³,,raw,01:00:00,2026-03-26T03:00:00Z,2026-03-26T08:45:00+05:45,2026-03-26T04:00:00Z,2026-03-26T09:45:00+05:45,1,01:00:00,1,01:00:00,100.0,100.0,2026-03-26T03:00:00Z,2026-03-26T08:45:00+05:45,2026-03-26T04:00:00Z,2026-03-26T09:45:00+05:45,6138068,Purano naikap (SC-29)-GD Labs,27.705718,85.255141
72.8,,,False,2,pm25,µg/m³,,raw,01:00:00,2026-03-26T04:00:00Z,2026-03-26T09:45:00+05:45,2026-03-26T05:00:00Z,2026-03-26T10:45:00+05:45,1,01:00:00,1,01:00:00,100.0,100.0,2026-03-26T04:00:00Z,2026-03-26T09:45:00+05:45,2026-03-26T05:00:00Z,2026-03-26T10:45:00+05:45,6138068,Purano naikap (SC-29)-GD Labs,27.705718,85.255141
41.5,,,False,2,pm25,µg/m³,,raw,01:00:00,2026-03-26T05:00:00Z,2026-03-26T10:45:00+05:45,2026-03-26T06:00:00Z,2026-03-26T11:45:00+05:45,1,01:00:00,1,01:00:00,100.0,100.0,2026-03-26T05:00:00Z,2026-03-26T10:45:00+05:45,2026-03-26T06:00:00Z,2026-03-26T11:45:00+05:45,6138068,Purano naikap (SC-29)-GD Labs,27.705718,85.255141
40.9,,,False,2,pm25,µg/m³,,raw,01:00:00,2026-03-26T06:00:00Z,2026-03-26T11:45:00+05:45,2026-03-26T07:00:00Z,2026-03-26T12:45:00+05:45,1,01:00:00,1,01:00:00,100.0,100.0,2026-03-26T06:00:00Z,2026-03-26T11:45:00+05:45,2026-03-26T07:00:00Z,2026-03-26T12:45:00+05:45,6138068,Purano naikap (SC-29)-GD Labs,27.705718,85.255141
44.6,,,False,2,pm25,µg/m³,,raw,01:00:00,2026-03-26T07:00:00Z,2026-03-26T12:45:00+05:45,2026-03-26T08:00:00Z,2026-03-26T13:45:00+05:45,1,01:00:00,1,01:00:00,100.0,100.0,2026-03-26T07:00:00Z,2026-03-26T12:45:00+05:45,2026-03-26T08:00:00Z,2026-03-26T13:45:00+05:45,6138068,Purano naikap (SC-29)-GD Labs,27.705718,85.255141
49.8,,,False,2,pm25,µg/m³,,raw,01:00:00,2026-03-26T08:00:00Z,2026-03-26T13:45:00+05:45,2026-03-26T09:00:00Z,2026-03-26T14:45:00+05:45,1,01:00:00,1,01:00:00,100.0,100.0,2026-03-26T08:00:00Z,2026-03-26T13:45:00+05:45,2026-03-26T09:00:00Z,2026-03-26T14:45:00+05:45,6138068,Purano naikap (SC-29)-GD Labs,27.705718,85.255141
52.1,,,False,2,pm25,µg/m³,,raw,01:00:00,2026-03-26T09:00:00Z,2026-03-26T14:45:00+05:45,2026-03-26T10:00:00Z,2026-03-26T15:45:00+05:45,1,01:00:00,1,01:00:00,100.0,100.0,2026-03-26T09:00:00Z,2026-03-26T14:45:00+05:45,2026-03-26T10:00:00Z,2026-03-26T15:45:00+05:45,6138068,Purano naikap (SC-29)-GD Labs,27.705718,85.255141
55.5,,,False,2,pm25,µg/m³,,raw,01:00:00,2026-03-26T10:00:00Z,2026-03-26T15:45:00+05:45,2026-03-26T11:00:00Z,2026-03-26T16:45:00+05:45,1,01:00:00,1,01:00:00,100.0,100.0,2026-03-26T10:00:00Z,2026-03-26T15:45:00+05:45,2026-03-26T11:00:00Z,2026-03-26T16:45:00+05:45,6138068,Purano naikap (SC-29)-GD Labs,27.705718,85.255141
58.7,,,False,2,pm25,µg/m³,,raw,01:00:00,2026-03-26T11:00:00Z,2026-03-26T16:45:00+05:45,2026-03-26T12:00:00Z,2026-03-26T17:45:00+05:45,1,01:00:00,1,01:00:00,100.0,100.0,2026-03-26T11:00:00Z,2026-03-26T16:45:00+05:45,2026-03-26T12:00:00Z,2026-03-26T17:45:00+05:45,6138068,Purano naikap (SC-29)-GD Labs,27.705718,85.255141
63.0,,,False,2,pm25,µg/m³,,raw,01:00:00,2026-03-26T12:00:00Z,2026-03-26T17:45:00+05:45,2026-03-26T13:00:00Z,2026-03-26T18:45:00+05:45,1,01:00:00,1,01:00:00,100.0,100.0,2026-03-26T12:00:00Z,2026-03-26T17:45:00+05:45,2026-03-26T13:00:00Z,2026-03-26T18:45:00+05:45,6138068,Purano naikap (SC-29)-GD Labs,27.705718,85.255141
69.7,,,False,2,pm25,µg/m³,,raw,01:00:00,2026-03-26T13:00:00Z,2026-03-26T18:45:00+05:45,2026-03-26T14:00:00Z,2026-03-26T19:45:00+05:45,1,01:00:00,1,01:00:00,100.0,100.0,2026-03-26T13:00:00Z,2026-03-26T18:45:00+05:45,2026-03-26T14:00:00Z,2026-03-26T19:45:00+05:45,6138068,Purano naikap (SC-29)-GD Labs,27.705718,85.255141
68.3,,,False,2,pm25,µg/m³,,raw,01:00:00,2026-03-26T14:00:00Z,2026-03-26T19:45:00+05:45,2026-03-26T15:00:00Z,2026-03-26T20:45:00+05:45,1,01:00:00,1,01:00:00,100.0,100.0,2026-03-26T14:00:00Z,2026-03-26T19:45:00+05:45,2026-03-26T15:00:00Z,2026-03-26T20:45:00+05:45,6138068,Purano naikap (SC-29)-GD Labs,27.705718,85.255141
69.6,,,False,2,pm25,µg/m³,,raw,01:00:00,2026-03-26T15:00:00Z,2026-03-26T20:45:00+05:45,2026-03-26T16:00:00Z,2026-03-26T21:45:00+05:45,1,01:00:00,1,01:00:00,100.0,100.0,2026-03-26T15:00:00Z,2026-03-26T20:45:00+05:45,2026-03-26T16:00:00Z,2026-03-26T21:45:00+05:45,6138068,Purano naikap (SC-29)-GD Labs,27.705718,85.255141
70.3,,,False,2,pm25,µg/m³,,raw,01:00:00,2026-03-26T16:00:00Z,2026-03-26T21:45:00+05:45,2026-03-26T17:00:00Z,2026-03-26T22:45:00+05:45,1,01:00:00,1,01:00:00,100.0,100.0,2026-03-26T16:00:00Z,2026-03-26T21:45:00+05:45,2026-03-26T17:00:00Z,2026-03-26T22:45:00+05:45,6138068,Purano naikap (SC-29)-GD Labs,27.705718,85.255141
73.6,,,False,2,pm25,µg/m³,,raw,01:00:00,2026-03-26T17:00:00Z,2026-03-26T22:45:00+05:45,2026-03-26T18:00:00Z,2026-03-26T23:45:00+05:45,1,01:00:00,1,01:00:00,100.0,100.0,2026-03-26T17:00:00Z,2026-03-26T22:45:00+05:45,2026-03-26T18:00:00Z,2026-03-26T23:45:00+05:45,6138068,Purano naikap (SC-29)-GD Labs,27.705718,85.255141
75.4,,,False,2,pm25,µg/m³,,raw,01:00:00,2026-03-26T18:00:00Z,2026-03-26T23:45:00+05:45,2026-03-26T19:00:00Z,2026-03-27T00:45:00+05:45,1,01:00:00,1,01:00:00,100.0,100.0,2026-03-26T18:00:00Z,2026-03-26T23:45:00+05:45,2026-03-26T19:00:00Z,2026-03-27T00:45:00+05:45,6138068,Purano naikap (SC-29)-GD Labs,27.705718,85.255141
89.3,,,False,2,pm25,µg/m³,,raw,01:00:00,2026-03-26T19:00:00Z,2026-03-27T00:45:00+05:45,2026-03-26T20:00:00Z,2026-03-27T01:45:00+05:45,1,01:00:00,1,01:00:00,100.0,100.0,2026-03-26T19:00:00Z,2026-03-27T00:45:00+05:45,2026-03-26T20:00:00Z,2026-03-27T01:45:00+05:45,6138068,Purano naikap (SC-29)-GD Labs,27.705718,85.255141
95.9,,,False,2,pm25,µg/m³,,raw,01:00:00,2026-03-26T20:00:00Z,2026-03-27T01:45:00+05:45,2026-03-26T21:00:00Z,2026-03-27T02:45:00+05:45,1,01:00:00,1,01:00:00,100.0,100.0,2026-03-26T20:00:00Z,2026-03-27T01:45:00+05:45,2026-03-26T21:00:00Z,2026-03-27T02:45:00+05:45,6138068,Purano naikap (SC-29)-GD Labs,27.705718,85.255141
76.1,,,False,2,pm25,µg/m³,,raw,01:00:00,2026-03-26T21:00:00Z,2026-03-27T02:45:00+05:45,2026-03-26T22:00:00Z,2026-03-27T03:45:00+05:45,1,01:00:00,1,01:00:00,100.0,100.0,2026-03-26T21:00:00Z,2026-03-27T02:45:00+05:45,2026-03-26T22:00:00Z,2026-03-27T03:45:00+05:45,6138068,Purano naikap (SC-29)-GD Labs,27.705718,85.255141
69.9,,,False,2,pm25,µg/m³,,raw,01:00:00,2026-03-26T22:00:00Z,2026-03-27T03:45:00+05:45,2026-03-26T23:00:00Z,2026-03-27T04:45:00+05:45,1,01:00:00,1,01:00:00,100.0,100.0,2026-03-26T22:00:00Z,2026-03-27T03:45:00+05:45,2026-03-26T23:00:00Z,2026-03-27T04:45:00+05:45,6138068,Purano naikap (SC-29)-GD Labs,27.705718,85.255141
66.2,,,False,2,pm25,µg/m³,,raw,01:00:00,2026-03-26T23:00:00Z,2026-03-27T04:45:00+05:45,2026-03-27T00:00:00Z,2026-03-27T05:45:00+05:45,1,01:00:00,1,01:00:00,100.0,100.0,2026-03-26T23:00:00Z,2026-03-27T04:45:00+05:45,2026-03-27T00:00:00Z,2026-03-27T05:45:00+05:45,6138068,Purano naikap (SC-29)-GD Labs,27.705718,85.255141
62.4,,,False,2,pm25,µg/m³,,raw,01:00:00,2026-03-27T00:00:00Z,2026-03-27T05:45:00+05:45,2026-03-27T01:00:00Z,2026-03-27T06:45:00+05:45,1,01:00:00,1,01:00:00,100.0,100.0,2026-03-27T00:00:00Z,2026-03-27T05:45:00+05:45,2026-03-27T01:00:00Z,2026-03-27T06:45:00+05:45,6138068,Purano naikap (SC-29)-GD Labs,27.705718,85.255141
74.1,,,False,2,pm25,µg/m³,,raw,01:00:00,2026-03-27T01:00:00Z,2026-03-27T06:45:00+05:45,2026-03-27T02:00:00Z,2026-03-27T07:45:00+05:45,1,01:00:00,1,01:00:00,100.0,100.0,2026-03-27T01:00:00Z,2026-03-27T06:45:00+05:45,2026-03-27T02:00:00Z,2026-03-27T07:45:00+05:45,6138068,Purano naikap (SC-29)-GD Labs,27.705718,85.255141
100.3,,,False,2,pm25,µg/m³,,raw,01:00:00,2026-03-27T02:00:00Z,2026-03-27T07:45:00+05:45,2026-03-27T03:00:00Z,2026-03-27T08:45:00+05:45,1,01:00:00,1,01:00:00,100.0,100.0,2026-03-27T02:00:00Z,2026-03-27T07:45:00+05:45,2026-03-27T03:00:00Z,2026-03-27T08:45:00+05:45,6138068,Purano naikap (SC-29)-GD Labs,27.705718,85.255141
96.6,,,False,2,pm25,µg/m³,,raw,01:00:00,2026-03-27T03:00:00Z,2026-03-27T08:45:00+05:45,2026-03-27T04:00:00Z,2026-03-27T09:45:00+05:45,1,01:00:00,1,01:00:00,100.0,100.0,2026-03-27T03:00:00Z,2026-03-27T08:45:00+05:45,2026-03-27T04:00:00Z,2026-03-27T09:45:00+05:45,6138068,Purano naikap (SC-29)-GD Labs,27.705718,85.255141
79.3,,,False,2,pm25,µg/m³,,raw,01:00:00,2026-03-27T04:00:00Z,2026-03-27T09:45:00+05:45,2026-03-27T05:00:00Z,2026-03-27T10:45:00+05:45,1,01:00:00,1,01:00:00,100.0,100.0,2026-03-27T04:00:00Z,2026-03-27T09:45:00+05:45,2026-03-27T05:00:00Z,2026-03-27T10:45:00+05:45,6138068,Purano naikap (SC-29)-GD Labs,27.705718,85.255141
70.6,,,False,2,pm25,µg/m³,,raw,01:00:00,2026-03-27T05:00:00Z,2026-03-27T10:45:00+05:45,2026-03-27T06:00:00Z,2026-03-27T11:45:00+05:45,1,01:00:00,1,01:00:00,100.0,100.0,2026-03-27T05:00:00Z,2026-03-27T10:45:00+05:45,2026-03-27T06:00:00Z,2026-03-27T11:45:00+05:45,6138068,Purano naikap (SC-29)-GD Labs,27.705718,85.255141
67.4,,,False,2,pm25,µg/m³,,raw,01:00:00,2026-03-27T06:00:00Z,2026-03-27T11:45:00+05:45,2026-03-27T07:00:00Z,2026-03-27T12:45:00+05:45,1,01:00:00,1,01:00:00,100.0,100.0,2026-03-27T06:00:00Z,2026-03-27T11:45:00+05:45,2026-03-27T07:00:00Z,2026-03-27T12:45:00+05:45,6138068,Purano naikap (SC-29)-GD Labs,27.705718,85.255141
65.0,,,False,2,pm25,µg/m³,,raw,01:00:00,2026-03-27T07:00:00Z,2026-03-27T12:45:00+05:45,2026-03-27T08:00:00Z,2026-03-27T13:45:00+05:45,1,01:00:00,1,01:00:00,100.0,100.0,2026-03-27T07:00:00Z,2026-03-27T12:45:00+05:45,2026-03-27T08:00:00Z,2026-03-27T13:45:00+05:45,6138068,Purano naikap (SC-29)-GD Labs,27.705718,85.255141
120.9,,,False,2,pm25,µg/m³,,raw,01:00:00,2026-03-27T08:00:00Z,2026-03-27T13:45:00+05:45,2026-03-27T09:00:00Z,2026-03-27T14:45:00+05:45,1,01:00:00,1,01:00:00,100.0,100.0,2026-03-27T08:00:00Z,2026-03-27T13:45:00+05:45,2026-03-27T09:00:00Z,2026-03-27T14:45:00+05:45,6138068,Purano naikap (SC-29)-GD Labs,27.705718,85.255141
79.6,,,False,2,pm25,µg/m³,,raw,01:00:00,2026-03-27T09:00:00Z,2026-03-27T14:45:00+05:45,2026-03-27T10:00:00Z,2026-03-27T15:45:00+05:45,1,01:00:00,1,01:00:00,100.0,100.0,2026-03-27T09:00:00Z,2026-03-27T14:45:00+05:45,2026-03-27T10:00:00Z,2026-03-27T15:45:00+05:45,6138068,Purano naikap (SC-29)-GD Labs,27.705718,85.255141
48.4,,,False,2,pm25,µg/m³,,raw,01:00:00,2026-03-27T10:00:00Z,2026-03-27T15:45:00+05:45,2026-03-27T11:00:00Z,2026-03-27T16:45:00+05:45,1,01:00:00,1,01:00:00,100.0,100.0,2026-03-27T10:00:00Z,2026-03-27T15:45:00+05:45,2026-03-27T11:00:00Z,2026-03-27T16:45:00+05:45,6138068,Purano naikap (SC-29)-GD Labs,27.705718,85.255141
50.7,,,False,2,pm25,µg/m³,,raw,01:00:00,2026-03-27T11:00:00Z,2026-03-27T16:45:00+05:45,2026-03-27T12:00:00Z,2026-03-27T17:45:00+05:45,1,01:00:00,1,01:00:00,100.0,100.0,2026-03-27T11:00:00Z,2026-03-27T16:45:00+05:45,2026-03-27T12:00:00Z,2026-03-27T17:45:00+05:45,6138068,Purano naikap (SC-29)-GD Labs,27.705718,85.255141
51.2,,,False,2,pm25,µg/m³,,raw,01:00:00,2026-03-27T12:00:00Z,2026-03-27T17:45:00+05:45,2026-03-27T13:00:00Z,2026-03-27T18:45:00+05:45,1,01:00:00,1,01:00:00,100.0,100.0,2026-03-27T12:00:00Z,2026-03-27T17:45:00+05:45,2026-03-27T13:00:00Z,2026-03-27T18:45:00+05:45,6138068,Purano naikap (SC-29)-GD Labs,27.705718,85.255141
49.3,,,False,2,pm25,µg/m³,,raw,01:00:00,2026-03-27T13:00:00Z,2026-03-27T18:45:00+05:45,2026-03-27T14:00:00Z,2026-03-27T19:45:00+05:45,1,01:00:00,1,01:00:00,100.0,100.0,2026-03-27T13:00:00Z,2026-03-27T18:45:00+05:45,2026-03-27T14:00:00Z,2026-03-27T19:45:00+05:45,6138068,Purano naikap (SC-29)-GD Labs,27.705718,85.255141
54.4,,,False,2,pm25,µg/m³,,raw,01:00:00,2026-03-27T14:00:00Z,2026-03-27T19:45:00+05:45,2026-03-27T15:00:00Z,2026-03-27T20:45:00+05:45,1,01:00:00,1,01:00:00,100.0,100.0,2026-03-27T14:00:00Z,2026-03-27T19:45:00+05:45,2026-03-27T15:00:00Z,2026-03-27T20:45:00+05:45,6138068,Purano naikap (SC-29)-GD Labs,27.705718,85.255141
42.0,,,False,2,pm25,µg/m³,,raw,01:00:00,2026-03-27T15:00:00Z,2026-03-27T20:45:00+05:45,2026-03-27T16:00:00Z,2026-03-27T21:45:00+05:45,1,01:00:00,1,01:00:00,100.0,100.0,2026-03-27T15:00:00Z,2026-03-27T20:45:00+05:45,2026-03-27T16:00:00Z,2026-03-27T21:45:00+05:45,6138068,Purano naikap (SC-29)-GD Labs,27.705718,85.255141
32.1,,,False,2,pm25,µg/m³,,raw,01:00:00,2026-03-27T16:00:00Z,2026-03-27T21:45:00+05:45,2026-03-27T17:00:00Z,2026-03-27T22:45:00+05:45,1,01:00:00,1,01:00:00,100.0,100.0,2026-03-27T16:00:00Z,2026-03-27T21:45:00+05:45,2026-03-27T17:00:00Z,2026-03-27T22:45:00+05:45,6138068,Purano naikap (SC-29)-GD Labs,27.705718,85.255141
28.4,,,False,2,pm25,µg/m³,,raw,01:00:00,2026-03-27T17:00:00Z,2026-03-27T22:45:00+05:45,2026-03-27T18:00:00Z,2026-03-27T23:45:00+05:45,1,01:00:00,1,01:00:00,100.0,100.0,2026-03-27T17:00:00Z,2026-03-27T22:45:00+05:45,2026-03-27T18:00:00Z,2026-03-27T23:45:00+05:45,6138068,Purano naikap (SC-29)-GD Labs,27.705718,85.255141
23.6,,,False,2,pm25,µg/m³,,raw,01:00:00,2026-03-27T18:00:00Z,2026-03-27T23:45:00+05:45,2026-03-27T19:00:00Z,2026-03-28T00:45:00+05:45,1,01:00:00,1,01:00:00,100.0,100.0,2026-03-27T18:00:00Z,2026-03-27T23:45:00+05:45,2026-03-27T19:00:00Z,2026-03-28T00:45:00+05:45,6138068,Purano naikap (SC-29)-GD Labs,27.705718,85.255141
20.7,,,False,2,pm25,µg/m³,,raw,01:00:00,2026-03-27T19:00:00Z,2026-03-28T00:45:00+05:45,2026-03-27T20:00:00Z,2026-03-28T01:45:00+05:45,1,01:00:00,1,01:00:00,100.0,100.0,2026-03-27T19:00:00Z,2026-03-28T00:45:00+05:45,2026-03-27T20:00:00Z,2026-03-28T01:45:00+05:45,6138068,Purano naikap (SC-29)-GD Labs,27.705718,85.255141
23.7,,,False,2,pm25,µg/m³,,raw,01:00:00,2026-03-27T20:00:00Z,2026-03-28T01:45:00+05:45,2026-03-27T21:00:00Z,2026-03-28T02:45:00+05:45,1,01:00:00,1,01:00:00,100.0,100.0,2026-03-27T20:00:00Z,2026-03-28T01:45:00+05:45,2026-03-27T21:00:00Z,2026-03-28T02:45:00+05:45,6138068,Purano naikap (SC-29)-GD Labs,27.705718,85.255141
25.6,,,False,2,pm25,µg/m³,,raw,01:00:00,2026-03-27T21:00:00Z,2026-03-28T02:45:00+05:45,2026-03-27T22:00:00Z,2026-03-28T03:45:00+05:45,1,01:00:00,1,01:00:00,100.0,100.0,2026-03-27T21:00:00Z,2026-03-28T02:45:00+05:45,2026-03-27T22:00:00Z,2026-03-28T03:45:00+05:45,6138068,Purano naikap (SC-29)-GD Labs,27.705718,85.255141
25.9,,,False,2,pm25,µg/m³,,raw,01:00:00,2026-03-27T22:00:00Z,2026-03-28T03:45:00+05:45,2026-03-27T23:00:00Z,2026-03-28T04:45:00+05:45,1,01:00:00,1,01:00:00,100.0,100.0,2026-03-27T22:00:00Z,2026-03-28T03:45:00+05:45,2026-03-27T23:00:00Z,2026-03-28T04:45:00+05:45,6138068,Purano naikap (SC-29)-GD Labs,27.705718,85.255141
32.4,,,False,2,pm25,µg/m³,,raw,01:00:00,2026-03-27T23:00:00Z,2026-03-28T04:45:00+05:45,2026-03-28T00:00:00Z,2026-03-28T05:45:00+05:45,1,01:00:00,1,01:00:00,100.0,100.0,2026-03-27T23:00:00Z,2026-03-28T04:45:00+05:45,2026-03-28T00:00:00Z,2026-03-28T05:45:00+05:45,6138068,Purano naikap (SC-29)-GD Labs,27.705718,85.255141
44.0,,,False,2,pm25,µg/m³,,raw,01:00:00,2026-03-28T00:00:00Z,2026-03-28T05:45:00+05:45,2026-03-28T01:00:00Z,2026-03-28T06:45:00+05:45,1,01:00:00,1,01:00:00,100.0,100.0,2026-03-28T00:00:00Z,2026-03-28T05:45:00+05:45,2026-03-28T01:00:00Z,2026-03-28T06:45:00+05:45,6138068,Purano naikap (SC-29)-GD Labs,27.705718,85.255141
51.1,,,False,2,pm25,µg/m³,,raw,01:00:00,2026-03-28T01:00:00Z,2026-03-28T06:45:00+05:45,2026-03-28T02:00:00Z,2026-03-28T07:45:00+05:45,1,01:00:00,1,01:00:00,100.0,100.0,2026-03-28T01:00:00Z,2026-03-28T06:45:00+05:45,2026-03-28T02:00:00Z,2026-03-28T07:45:00+05:45,6138068,Purano naikap (SC-29)-GD Labs,27.705718,85.255141
40.0,,,False,2,pm25,µg/m³,,raw,01:00:00,2026-03-28T02:00:00Z,2026-03-28T07:45:00+05:45,2026-03-28T03:00:00Z,2026-03-28T08:45:00+05:45,1,01:00:00,1,01:00:00,100.0,100.0,2026-03-28T02:00:00Z,2026-03-28T07:45:00+05:45,2026-03-28T03:00:00Z,2026-03-28T08:45:00+05:45,6138068,Purano naikap (SC-29)-GD Labs,27.705718,85.255141
48.3,,,False,2,pm25,µg/m³,,raw,01:00:00,2026-03-28T03:00:00Z,2026-03-28T08:45:00+05:45,2026-03-28T04:00:00Z,2026-03-28T09:45:00+05:45,1,01:00:00,1,01:00:00,100.0,100.0,2026-03-28T03:00:00Z,2026-03-28T08:45:00+05:45,2026-03-28T04:00:00Z,2026-03-28T09:45:00+05:45,6138068,Purano naikap (SC-29)-GD Labs,27.705718,85.255141
48.7,,,False,2,pm25,µg/m³,,raw,01:00:00,2026-03-28T04:00:00Z,2026-03-28T09:45:00+05:45,2026-03-28T05:00:00Z,2026-03-28T10:45:00+05:45,1,01:00:00,1,01:00:00,100.0,100.0,2026-03-28T04:00:00Z,2026-03-28T09:45:00+05:45,2026-03-28T05:00:00Z,2026-03-28T10:45:00+05:45,6138068,Purano naikap (SC-29)-GD Labs,27.705718,85.255141
52.3,,,False,2,pm25,µg/m³,,raw,01:00:00,2026-03-28T05:00:00Z,2026-03-28T10:45:00+05:45,2026-03-28T06:00:00Z,2026-03-28T11:45:00+05:45,1,01:00:00,1,01:00:00,100.0,100.0,2026-03-28T05:00:00Z,2026-03-28T10:45:00+05:45,2026-03-28T06:00:00Z,2026-03-28T11:45:00+05:45,6138068,Purano naikap (SC-29)-GD Labs,27.705718,85.255141
42.9,,,False,2,pm25,µg/m³,,raw,01:00:00,2026-03-28T06:00:00Z,2026-03-28T11:45:00+05:45,2026-03-28T07:00:00Z,2026-03-28T12:45:00+05:45,1,01:00:00,1,01:00:00,100.0,100.0,2026-03-28T06:00:00Z,2026-03-28T11:45:00+05:45,2026-03-28T07:00:00Z,2026-03-28T12:45:00+05:45,6138068,Purano naikap (SC-29)-GD Labs,27.705718,85.255141
42.8,,,False,2,pm25,µg/m³,,raw,01:00:00,2026-03-28T07:00:00Z,2026-03-28T12:45:00+05:45,2026-03-28T08:00:00Z,2026-03-28T13:45:00+05:45,1,01:00:00,1,01:00:00,100.0,100.0,2026-03-28T07:00:00Z,2026-03-28T12:45:00+05:45,2026-03-28T08:00:00Z,2026-03-28T13:45:00+05:45,6138068,Purano naikap (SC-29)-GD Labs,27.705718,85.255141
41.5,,,False,2,pm25,µg/m³,,raw,01:00:00,2026-03-28T08:00:00Z,2026-03-28T13:45:00+05:45,2026-03-28T09:00:00Z,2026-03-28T14:45:00+05:45,1,01:00:00,1,01:00:00,100.0,100.0,2026-03-28T08:00:00Z,2026-03-28T13:45:00+05:45,2026-03-28T09:00:00Z,2026-03-28T14:45:00+05:45,6138068,Purano naikap (SC-29)-GD Labs,27.705718,85.255141
36.7,,,False,2,pm25,µg/m³,,raw,01:00:00,2026-03-28T09:00:00Z,2026-03-28T14:45:00+05:45,2026-03-28T10:00:00Z,2026-03-28T15:45:00+05:45,1,01:00:00,1,01:00:00,100.0,100.0,2026-03-28T09:00:00Z,2026-03-28T14:45:00+05:45,2026-03-28T10:00:00Z,2026-03-28T15:45:00+05:45,6138068,Purano naikap (SC-29)-GD Labs,27.705718,85.255141
39.3,,,False,2,pm25,µg/m³,,raw,01:00:00,2026-03-28T10:00:00Z,2026-03-28T15:45:00+05:45,2026-03-28T11:00:00Z,2026-03-28T16:45:00+05:45,1,01:00:00,1,01:00:00,100.0,100.0,2026-03-28T10:00:00Z,2026-03-28T15:45:00+05:45,2026-03-28T11:00:00Z,2026-03-28T16:45:00+05:45,6138068,Purano naikap (SC-29)-GD Labs,27.705718,85.255141
39.3,,,False,2,pm25,µg/m³,,raw,01:00:00,2026-03-28T11:00:00Z,2026-03-28T16:45:00+05:45,2026-03-28T12:00:00Z,2026-03-28T17:45:00+05:45,1,01:00:00,1,01:00:00,100.0,100.0,2026-03-28T11:00:00Z,2026-03-28T16:45:00+05:45,2026-03-28T12:00:00Z,2026-03-28T17:45:00+05:45,6138068,Purano naikap (SC-29)-GD Labs,27.705718,85.255141
30.6,,,False,2,pm25,µg/m³,,raw,01:00:00,2026-03-28T12:00:00Z,2026-03-28T17:45:00+05:45,2026-03-28T13:00:00Z,2026-03-28T18:45:00+05:45,1,01:00:00,1,01:00:00,100.0,100.0,2026-03-28T12:00:00Z,2026-03-28T17:45:00+05:45,2026-03-28T13:00:00Z,2026-03-28T18:45:00+05:45,6138068,Purano naikap (SC-29)-GD Labs,27.705718,85.255141
40.2,,,False,2,pm25,µg/m³,,raw,01:00:00,2026-03-28T13:00:00Z,2026-03-28T18:45:00+05:45,2026-03-28T14:00:00Z,2026-03-28T19:45:00+05:45,1,01:00:00,1,01:00:00,100.0,100.0,2026-03-28T13:00:00Z,2026-03-28T18:45:00+05:45,2026-03-28T14:00:00Z,2026-03-28T19:45:00+05:45,6138068,Purano naikap (SC-29)-GD Labs,27.705718,85.255141
37.7,,,False,2,pm25,µg/m³,,raw,01:00:00,2026-03-28T14:00:00Z,2026-03-28T19:45:00+05:45,2026-03-28T15:00:00Z,2026-03-28T20:45:00+05:45,1,01:00:00,1,01:00:00,100.0,100.0,2026-03-28T14:00:00Z,2026-03-28T19:45:00+05:45,2026-03-28T15:00:00Z,2026-03-28T20:45:00+05:45,6138068,Purano naikap (SC-29)-GD Labs,27.705718,85.255141
40.2,,,False,2,pm25,µg/m³,,raw,01:00:00,2026-03-28T15:00:00Z,2026-03-28T20:45:00+05:45,2026-03-28T16:00:00Z,2026-03-28T21:45:00+05:45,1,01:00:00,1,01:00:00,100.0,100.0,2026-03-28T15:00:00Z,2026-03-28T20:45:00+05:45,2026-03-28T16:00:00Z,2026-03-28T21:45:00+05:45,6138068,Purano naikap (SC-29)-GD Labs,27.705718,85.255141
42.9,,,False,2,pm25,µg/m³,,raw,01:00:00,2026-03-28T16:00:00Z,2026-03-28T21:45:00+05:45,2026-03-28T17:00:00Z,2026-03-28T22:45:00+05:45,1,01:00:00,1,01:00:00,100.0,100.0,2026-03-28T16:00:00Z,2026-03-28T21:45:00+05:45,2026-03-28T17:00:00Z,2026-03-28T22:45:00+05:45,6138068,Purano naikap (SC-29)-GD Labs,27.705718,85.255141
49.2,,,False,2,pm25,µg/m³,,raw,01:00:00,2026-03-28T17:00:00Z,2026-03-28T22:45:00+05:45,2026-03-28T18:00:00Z,2026-03-28T23:45:00+05:45,1,01:00:00,1,01:00:00,100.0,100.0,2026-03-28T17:00:00Z,2026-03-28T22:45:00+05:45,2026-03-28T18:00:00Z,2026-03-28T23:45:00+05:45,6138068,Purano naikap (SC-29)-GD Labs,27.705718,85.255141
49.7,,,False,2,pm25,µg/m³,,raw,01:00:00,2026-03-28T18:00:00Z,2026-03-28T23:45:00+05:45,2026-03-28T19:00:00Z,2026-03-29T00:45:00+05:45,1,01:00:00,1,01:00:00,100.0,100.0,2026-03-28T18:00:00Z,2026-03-28T23:45:00+05:45,2026-03-28T19:00:00Z,2026-03-29T00:45:00+05:45,6138068,Purano naikap (SC-29)-GD Labs,27.705718,85.255141
48.9,,,False,2,pm25,µg/m³,,raw,01:00:00,2026-03-28T19:00:00Z,2026-03-29T00:45:00+05:45,2026-03-28T20:00:00Z,2026-03-29T01:45:00+05:45,1,01:00:00,1,01:00:00,100.0,100.0,2026-03-28T19:00:00Z,2026-03-29T00:45:00+05:45,2026-03-28T20:00:00Z,2026-03-29T01:45:00+05:45,6138068,Purano naikap (SC-29)-GD Labs,27.705718,85.255141
45.7,,,False,2,pm25,µg/m³,,raw,01:00:00,2026-03-28T20:00:00Z,2026-03-29T01:45:00+05:45,2026-03-28T21:00:00Z,2026-03-29T02:45:00+05:45,1,01:00:00,1,01:00:00,100.0,100.0,2026-03-28T20:00:00Z,2026-03-29T01:45:00+05:45,2026-03-28T21:00:00Z,2026-03-29T02:45:00+05:45,6138068,Purano naikap (SC-29)-GD Labs,27.705718,85.255141
45.1,,,False,2,pm25,µg/m³,,raw,01:00:00,2026-03-28T21:00:00Z,2026-03-29T02:45:00+05:45,2026-03-28T22:00:00Z,2026-03-29T03:45:00+05:45,1,01:00:00,1,01:00:00,100.0,100.0,2026-03-28T21:00:00Z,2026-03-29T02:45:00+05:45,2026-03-28T22:00:00Z,2026-03-29T03:45:00+05:45,6138068,Purano naikap (SC-29)-GD Labs,27.705718,85.255141
43.7,,,False,2,pm25,µg/m³,,raw,01:00:00,2026-03-28T22:00:00Z,2026-03-29T03:45:00+05:45,2026-03-28T23:00:00Z,2026-03-29T04:45:00+05:45,1,01:00:00,1,01:00:00,100.0,100.0,2026-03-28T22:00:00Z,2026-03-29T03:45:00+05:45,2026-03-28T23:00:00Z,2026-03-29T04:45:00+05:45,6138068,Purano naikap (SC-29)-GD Labs,27.705718,85.255141
46.8,,,False,2,pm25,µg/m³,,raw,01:00:00,2026-03-28T23:00:00Z,2026-03-29T04:45:00+05:45,2026-03-29T00:00:00Z,2026-03-29T05:45:00+05:45,1,01:00:00,1,01:00:00,100.0,100.0,2026-03-28T23:00:00Z,2026-03-29T04:45:00+05:45,2026-03-29T00:00:00Z,2026-03-29T05:45:00+05:45,6138068,Purano naikap (SC-29)-GD Labs,27.705718,85.255141
51.7,,,False,2,pm25,µg/m³,,raw,01:00:00,2026-03-29T00:00:00Z,2026-03-29T05:45:00+05:45,2026-03-29T01:00:00Z,2026-03-29T06:45:00+05:45,1,01:00:00,1,01:00:00,100.0,100.0,2026-03-29T00:00:00Z,2026-03-29T05:45:00+05:45,2026-03-29T01:00:00Z,2026-03-29T06:45:00+05:45,6138068,Purano naikap (SC-29)-GD Labs,27.705718,85.255141
51.1,,,False,2,pm25,µg/m³,,raw,01:00:00,2026-03-29T01:00:00Z,2026-03-29T06:45:00+05:45,2026-03-29T02:00:00Z,2026-03-29T07:45:00+05:45,1,01:00:00,1,01:00:00,100.0,100.0,2026-03-29T01:00:00Z,2026-03-29T06:45:00+05:45,2026-03-29T02:00:00Z,2026-03-29T07:45:00+05:45,6138068,Purano naikap (SC-29)-GD Labs,27.705718,85.255141
57.5,,,False,2,pm25,µg/m³,,raw,01:00:00,2026-03-29T02:00:00Z,2026-03-29T07:45:00+05:45,2026-03-29T03:00:00Z,2026-03-29T08:45:00+05:45,1,01:00:00,1,01:00:00,100.0,100.0,2026-03-29T02:00:00Z,2026-03-29T07:45:00+05:45,2026-03-29T03:00:00Z,2026-03-29T08:45:00+05:45,6138068,Purano naikap (SC-29)-GD Labs,27.705718,85.255141
53.1,,,False,2,pm25,µg/m³,,raw,01:00:00,2026-03-29T03:00:00Z,2026-03-29T08:45:00+05:45,2026-03-29T04:00:00Z,2026-03-29T09:45:00+05:45,1,01:00:00,1,01:00:00,100.0,100.0,2026-03-29T03:00:00Z,2026-03-29T08:45:00+05:45,2026-03-29T04:00:00Z,2026-03-29T09:45:00+05:45,6138068,Purano naikap (SC-29)-GD Labs,27.705718,85.255141
49.5,,,False,2,pm25,µg/m³,,raw,01:00:00,2026-03-29T04:00:00Z,2026-03-29T09:45:00+05:45,2026-03-29T05:00:00Z,2026-03-29T10:45:00+05:45,1,01:00:00,1,01:00:00,100.0,100.0,2026-03-29T04:00:00Z,2026-03-29T09:45:00+05:45,2026-03-29T05:00:00Z,2026-03-29T10:45:00+05:45,6138068,Purano naikap (SC-29)-GD Labs,27.705718,85.255141
53.6,,,False,2,pm25,µg/m³,,raw,01:00:00,2026-03-29T05:00:00Z,2026-03-29T10:45:00+05:45,2026-03-29T06:00:00Z,2026-03-29T11:45:00+05:45,1,01:00:00,1,01:00:00,100.0,100.0,2026-03-29T05:00:00Z,2026-03-29T10:45:00+05:45,2026-03-29T06:00:00Z,2026-03-29T11:45:00+05:45,6138068,Purano naikap (SC-29)-GD Labs,27.705718,85.255141
50.1,,,False,2,pm25,µg/m³,,raw,01:00:00,2026-03-29T06:00:00Z,2026-03-29T11:45:00+05:45,2026-03-29T07:00:00Z,2026-03-29T12:45:00+05:45,1,01:00:00,1,01:00:00,100.0,100.0,2026-03-29T06:00:00Z,2026-03-29T11:45:00+05:45,2026-03-29T07:00:00Z,2026-03-29T12:45:00+05:45,6138068,Purano naikap (SC-29)-GD Labs,27.705718,85.255141
44.1,,,False,2,pm25,µg/m³,,raw,01:00:00,2026-03-29T07:00:00Z,2026-03-29T12:45:00+05:45,2026-03-29T08:00:00Z,2026-03-29T13:45:00+05:45,1,01:00:00,1,01:00:00,100.0,100.0,2026-03-29T07:00:00Z,2026-03-29T12:45:00+05:45,2026-03-29T08:00:00Z,2026-03-29T13:45:00+05:45,6138068,Purano naikap (SC-29)-GD Labs,27.705718,85.255141
43.5,,,False,2,pm25,µg/m³,,raw,01:00:00,2026-03-29T08:00:00Z,2026-03-29T13:45:00+05:45,2026-03-29T09:00:00Z,2026-03-29T14:45:00+05:45,1,01:00:00,1,01:00:00,100.0,100.0,2026-03-29T08:00:00Z,2026-03-29T13:45:00+05:45,2026-03-29T09:00:00Z,2026-03-29T14:45:00+05:45,6138068,Purano naikap (SC-29)-GD Labs,27.705718,85.255141
45.0,,,False,2,pm25,µg/m³,,raw,01:00:00,2026-03-29T09:00:00Z,2026-03-29T14:45:00+05:45,2026-03-29T10:00:00Z,2026-03-29T15:45:00+05:45,1,01:00:00,1,01:00:00,100.0,100.0,2026-03-29T09:00:00Z,2026-03-29T14:45:00+05:45,2026-03-29T10:00:00Z,2026-03-29T15:45:00+05:45,6138068,Purano naikap (SC-29)-GD Labs,27.705718,85.255141
59.6,,,False,2,pm25,µg/m³,,raw,01:00:00,2026-03-29T10:00:00Z,2026-03-29T15:45:00+05:45,2026-03-29T11:00:00Z,2026-03-29T16:45:00+05:45,1,01:00:00,1,01:00:00,100.0,100.0,2026-03-29T10:00:00Z,2026-03-29T15:45:00+05:45,2026-03-29T11:00:00Z,2026-03-29T16:45:00+05:45,6138068,Purano naikap (SC-29)-GD Labs,27.705718,85.255141
44.1,,,False,2,pm25,µg/m³,,raw,01:00:00,2026-03-29T11:00:00Z,2026-03-29T16:45:00+05:45,2026-03-29T12:00:00Z,2026-03-29T17:45:00+05:45,1,01:00:00,1,01:00:00,100.0,100.0,2026-03-29T11:00:00Z,2026-03-29T16:45:00+05:45,2026-03-29T12:00:00Z,2026-03-29T17:45:00+05:45,6138068,Purano naikap (SC-29)-GD Labs,27.705718,85.255141
47.5,,,False,2,pm25,µg/m³,,raw,01:00:00,2026-03-29T12:00:00Z,2026-03-29T17:45:00+05:45,2026-03-29T13:00:00Z,2026-03-29T18:45:00+05:45,1,01:00:00,1,01:00:00,100.0,100.0,2026-03-29T12:00:00Z,2026-03-29T17:45:00+05:45,2026-03-29T13:00:00Z,2026-03-29T18:45:00+05:45,6138068,Purano naikap (SC-29)-GD Labs,27.705718,85.255141
49.8,,,False,2,pm25,µg/m³,,raw,01:00:00,2026-03-29T13:00:00Z,2026-03-29T18:45:00+05:45,2026-03-29T14:00:00Z,2026-03-29T19:45:00+05:45,1,01:00:00,1,01:00:00,100.0,100.0,2026-03-29T13:00:00Z,2026-03-29T18:45:00+05:45,2026-03-29T14:00:00Z,2026-03-29T19:45:00+05:45,6138068,Purano naikap (SC-29)-GD Labs,27.705718,85.255141
53.0,,,False,2,pm25,µg/m³,,raw,01:00:00,2026-03-29T14:00:00Z,2026-03-29T19:45:00+05:45,2026-03-29T15:00:00Z,2026-03-29T20:45:00+05:45,1,01:00:00,1,01:00:00,100.0,100.0,2026-03-29T14:00:00Z,2026-03-29T19:45:00+05:45,2026-03-29T15:00:00Z,2026-03-29T20:45:00+05:45,6138068,Purano naikap (SC-29)-GD Labs,27.705718,85.255141
52.9,,,False,2,pm25,µg/m³,,raw,01:00:00,2026-03-29T15:00:00Z,2026-03-29T20:45:00+05:45,2026-03-29T16:00:00Z,2026-03-29T21:45:00+05:45,1,01:00:00,1,01:00:00,100.0,100.0,2026-03-29T15:00:00Z,2026-03-29T20:45:00+05:45,2026-03-29T16:00:00Z,2026-03-29T21:45:00+05:45,6138068,Purano naikap (SC-29)-GD Labs,27.705718,85.255141
52.5,,,False,2,pm25,µg/m³,,raw,01:00:00,2026-03-29T16:00:00Z,2026-03-29T21:45:00+05:45,2026-03-29T17:00:00Z,2026-03-29T22:45:00+05:45,1,01:00:00,1,01:00:00,100.0,100.0,2026-03-29T16:00:00Z,2026-03-29T21:45:00+05:45,2026-03-29T17:00:00Z,2026-03-29T22:45:00+05:45,6138068,Purano naikap (SC-29)-GD Labs,27.705718,85.255141
54.6,,,False,2,pm25,µg/m³,,raw,01:00:00,2026-03-29T17:00:00Z,2026-03-29T22:45:00+05:45,2026-03-29T18:00:00Z,2026-03-29T23:45:00+05:45,1,01:00:00,1,01:00:00,100.0,100.0,2026-03-29T17:00:00Z,2026-03-29T22:45:00+05:45,2026-03-29T18:00:00Z,2026-03-29T23:45:00+05:45,6138068,Purano naikap (SC-29)-GD Labs,27.705718,85.255141
54.8,,,False,2,pm25,µg/m³,,raw,01:00:00,2026-03-29T18:00:00Z,2026-03-29T23:45:00+05:45,2026-03-29T19:00:00Z,2026-03-30T00:45:00+05:45,1,01:00:00,1,01:00:00,100.0,100.0,2026-03-29T18:00:00Z,2026-03-29T23:45:00+05:45,2026-03-29T19:00:00Z,2026-03-30T00:45:00+05:45,6138068,Purano naikap (SC-29)-GD Labs,27.705718,85.255141
57.5,,,False,2,pm25,µg/m³,,raw,01:00:00,2026-03-29T19:00:00Z,2026-03-30T00:45:00+05:45,2026-03-29T20:00:00Z,2026-03-30T01:45:00+05:45,1,01:00:00,1,01:00:00,100.0,100.0,2026-03-29T19:00:00Z,2026-03-30T00:45:00+05:45,2026-03-29T20:00:00Z,2026-03-30T01:45:00+05:45,6138068,Purano naikap (SC-29)-GD Labs,27.705718,85.255141
66.8,,,False,2,pm25,µg/m³,,raw,01:00:00,2026-03-29T20:00:00Z,2026-03-30T01:45:00+05:45,2026-03-29T21:00:00Z,2026-03-30T02:45:00+05:45,1,01:00:00,1,01:00:00,100.0,100.0,2026-03-29T20:00:00Z,2026-03-30T01:45:00+05:45,2026-03-29T21:00:00Z,2026-03-30T02:45:00+05:45,6138068,Purano naikap (SC-29)-GD Labs,27.705718,85.255141
55.3,,,False,2,pm25,µg/m³,,raw,01:00:00,2026-03-29T21:00:00Z,2026-03-30T02:45:00+05:45,2026-03-29T22:00:00Z,2026-03-30T03:45:00+05:45,1,01:00:00,1,01:00:00,100.0,100.0,2026-03-29T21:00:00Z,2026-03-30T02:45:00+05:45,2026-03-29T22:00:00Z,2026-03-30T03:45:00+05:45,6138068,Purano naikap (SC-29)-GD Labs,27.705718,85.255141
51.1,,,False,2,pm25,µg/m³,,raw,01:00:00,2026-03-29T22:00:00Z,2026-03-30T03:45:00+05:45,2026-03-29T23:00:00Z,2026-03-30T04:45:00+05:45,1,01:00:00,1,01:00:00,100.0,100.0,2026-03-29T22:00:00Z,2026-03-30T03:45:00+05:45,2026-03-29T23:00:00Z,2026-03-30T04:45:00+05:45,6138068,Purano naikap (SC-29)-GD Labs,27.705718,85.255141
47.2,,,False,2,pm25,µg/m³,,raw,01:00:00,2026-03-29T23:00:00Z,2026-03-30T04:45:00+05:45,2026-03-30T00:00:00Z,2026-03-30T05:45:00+05:45,1,01:00:00,1,01:00:00,100.0,100.0,2026-03-29T23:00:00Z,2026-03-30T04:45:00+05:45,2026-03-30T00:00:00Z,2026-03-30T05:45:00+05:45,6138068,Purano naikap (SC-29)-GD Labs,27.705718,85.255141
48.2,,,False,2,pm25,µg/m³,,raw,01:00:00,2026-03-30T00:00:00Z,2026-03-30T05:45:00+05:45,2026-03-30T01:00:00Z,2026-03-30T06:45:00+05:45,1,01:00:00,1,01:00:00,100.0,100.0,2026-03-30T00:00:00Z,2026-03-30T05:45:00+05:45,2026-03-30T01:00:00Z,2026-03-30T06:45:00+05:45,6138068,Purano naikap (SC-29)-GD Labs,27.705718,85.255141
53.2,,,False,2,pm25,µg/m³,,raw,01:00:00,2026-03-30T01:00:00Z,2026-03-30T06:45:00+05:45,2026-03-30T02:00:00Z,2026-03-30T07:45:00+05:45,1,01:00:00,1,01:00:00,100.0,100.0,2026-03-30T01:00:00Z,2026-03-30T06:45:00+05:45,2026-03-30T02:00:00Z,2026-03-30T07:45:00+05:45,6138068,Purano naikap (SC-29)-GD Labs,27.705718,85.255141
59.2,,,False,2,pm25,µg/m³,,raw,01:00:00,2026-03-30T02:00:00Z,2026-03-30T07:45:00+05:45,2026-03-30T03:00:00Z,2026-03-30T08:45:00+05:45,1,01:00:00,1,01:00:00,100.0,100.0,2026-03-30T02:00:00Z,2026-03-30T07:45:00+05:45,2026-03-30T03:00:00Z,2026-03-30T08:45:00+05:45,6138068,Purano naikap (SC-29)-GD Labs,27.705718,85.255141
64.2,,,False,2,pm25,µg/m³,,raw,01:00:00,2026-03-30T03:00:00Z,2026-03-30T08:45:00+05:45,2026-03-30T04:00:00Z,2026-03-30T09:45:00+05:45,1,01:00:00,1,01:00:00,100.0,100.0,2026-03-30T03:00:00Z,2026-03-30T08:45:00+05:45,2026-03-30T04:00:00Z,2026-03-30T09:45:00+05:45,6138068,Purano naikap (SC-29)-GD Labs,27.705718,85.255141
58.8,,,False,2,pm25,µg/m³,,raw,01:00:00,2026-03-30T04:00:00Z,2026-03-30T09:45:00+05:45,2026-03-30T05:00:00Z,2026-03-30T10:45:00+05:45,1,01:00:00,1,01:00:00,100.0,100.0,2026-03-30T04:00:00Z,2026-03-30T09:45:00+05:45,2026-03-30T05:00:00Z,2026-03-30T10:45:00+05:45,6138068,Purano naikap (SC-29)-GD Labs,27.705718,85.255141
53.0,,,False,2,pm25,µg/m³,,raw,01:00:00,2026-03-30T05:00:00Z,2026-03-30T10:45:00+05:45,2026-03-30T06:00:00Z,2026-03-30T11:45:00+05:45,1,01:00:00,1,01:00:00,100.0,100.0,2026-03-30T05:00:00Z,2026-03-30T10:45:00+05:45,2026-03-30T06:00:00Z,2026-03-30T11:45:00+05:45,6138068,Purano naikap (SC-29)-GD Labs,27.705718,85.255141
53.2,,,False,2,pm25,µg/m³,,raw,01:00:00,2026-03-30T06:00:00Z,2026-03-30T11:45:00+05:45,2026-03-30T07:00:00Z,2026-03-30T12:45:00+05:45,1,01:00:00,1,01:00:00,100.0,100.0,2026-03-30T06:00:00Z,2026-03-30T11:45:00+05:45,2026-03-30T07:00:00Z,2026-03-30T12:45:00+05:45,6138068,Purano naikap (SC-29)-GD Labs,27.705718,85.255141
